cell_id,seed,method,pi_ser,fixed_label_ser,pi_ber,diverged
16qam-snr05-nominal-short,201,block64_cma_mu0p03,0.4453125,0.4453125,0.1220703125,False
16qam-snr05-nominal-short,201,persymbol_cma_godard_with_z,0.4921875,0.4921875,0.1396484375,False
16qam-snr05-nominal-short,201,block8_cma_godard_with_z,0.40625,0.40625,0.1123046875,False
16qam-snr05-nominal-short,201,block16_cma_godard_with_z,0.39453125,0.39453125,0.115234375,False
16qam-snr05-nominal-short,201,sliding_window_recursive_cma,0.390625,0.390625,0.111328125,False
16qam-snr05-nominal-short,201,oracle_affine_bound_KILL_ONLY,0.46875,0.46875,0.1318359375,False
16qam-snr05-nominal-short,202,block64_cma_mu0p03,0.39453125,0.39453125,0.111328125,False
16qam-snr05-nominal-short,202,persymbol_cma_godard_with_z,0.3984375,0.3984375,0.1083984375,False
16qam-snr05-nominal-short,202,block8_cma_godard_with_z,0.32421875,0.32421875,0.0869140625,False
16qam-snr05-nominal-short,202,block16_cma_godard_with_z,0.3125,0.3125,0.087890625,False
16qam-snr05-nominal-short,202,sliding_window_recursive_cma,0.31640625,0.31640625,0.0869140625,False
16qam-snr05-nominal-short,202,oracle_affine_bound_KILL_ONLY,0.44140625,0.44140625,0.126953125,False
16qam-snr05-nominal-short,203,block64_cma_mu0p03,0.80078125,0.80078125,0.3203125,False
16qam-snr05-nominal-short,203,persymbol_cma_godard_with_z,0.80078125,0.80078125,0.3173828125,False
16qam-snr05-nominal-short,203,block8_cma_godard_with_z,0.80078125,0.80078125,0.3203125,False
16qam-snr05-nominal-short,203,block16_cma_godard_with_z,0.80078125,0.80078125,0.3203125,False
16qam-snr05-nominal-short,203,sliding_window_recursive_cma,0.80078125,0.80078125,0.3203125,False
16qam-snr05-nominal-short,203,oracle_affine_bound_KILL_ONLY,0.81640625,0.81640625,0.328125,False
16qam-snr05-nominal-short,204,block64_cma_mu0p03,0.40234375,0.40234375,0.1123046875,False
16qam-snr05-nominal-short,204,persymbol_cma_godard_with_z,0.4453125,0.4453125,0.1259765625,False
16qam-snr05-nominal-short,204,block8_cma_godard_with_z,0.41015625,0.41015625,0.1142578125,False
16qam-snr05-nominal-short,204,block16_cma_godard_with_z,0.3828125,0.3828125,0.111328125,False
16qam-snr05-nominal-short,204,sliding_window_recursive_cma,0.40625,0.40625,0.1162109375,False
16qam-snr05-nominal-short,204,oracle_affine_bound_KILL_ONLY,0.45703125,0.45703125,0.1318359375,False
16qam-snr05-nominal-short,205,block64_cma_mu0p03,0.453125,0.453125,0.126953125,False
16qam-snr05-nominal-short,205,persymbol_cma_godard_with_z,0.484375,0.484375,0.13671875,False
16qam-snr05-nominal-short,205,block8_cma_godard_with_z,0.453125,0.453125,0.1279296875,False
16qam-snr05-nominal-short,205,block16_cma_godard_with_z,0.453125,0.453125,0.125,False
16qam-snr05-nominal-short,205,sliding_window_recursive_cma,0.44921875,0.44921875,0.125,False
16qam-snr05-nominal-short,205,oracle_affine_bound_KILL_ONLY,0.53515625,0.53515625,0.154296875,False
16qam-snr05-nominal-short,206,block64_cma_mu0p03,0.875,0.875,0.3798828125,False
16qam-snr05-nominal-short,206,persymbol_cma_godard_with_z,0.8828125,0.8828125,0.3818359375,False
16qam-snr05-nominal-short,206,block8_cma_godard_with_z,0.87890625,0.87890625,0.380859375,False
16qam-snr05-nominal-short,206,block16_cma_godard_with_z,0.87890625,0.87890625,0.380859375,False
16qam-snr05-nominal-short,206,sliding_window_recursive_cma,0.87890625,0.87890625,0.3798828125,False
16qam-snr05-nominal-short,206,oracle_affine_bound_KILL_ONLY,0.91015625,0.91015625,0.3984375,False
16qam-snr05-nominal-short,207,block64_cma_mu0p03,0.421875,0.421875,0.130859375,False
16qam-snr05-nominal-short,207,persymbol_cma_godard_with_z,0.4765625,0.4765625,0.1474609375,False
16qam-snr05-nominal-short,207,block8_cma_godard_with_z,0.421875,0.421875,0.125,False
16qam-snr05-nominal-short,207,block16_cma_godard_with_z,0.4453125,0.4453125,0.1298828125,False
16qam-snr05-nominal-short,207,sliding_window_recursive_cma,0.421875,0.421875,0.1240234375,False
16qam-snr05-nominal-short,207,oracle_affine_bound_KILL_ONLY,0.5,0.5,0.154296875,False
16qam-snr05-nominal-short,208,block64_cma_mu0p03,0.90625,0.90625,0.4052734375,False
16qam-snr05-nominal-short,208,persymbol_cma_godard_with_z,0.90234375,0.90234375,0.4033203125,False
16qam-snr05-nominal-short,208,block8_cma_godard_with_z,0.90625,0.90625,0.40625,False
16qam-snr05-nominal-short,208,block16_cma_godard_with_z,0.90625,0.90625,0.4052734375,False
16qam-snr05-nominal-short,208,sliding_window_recursive_cma,0.90625,0.90625,0.404296875,False
16qam-snr05-nominal-short,208,oracle_affine_bound_KILL_ONLY,0.8828125,0.8828125,0.412109375,False
16qam-snr05-nominal-short,209,block64_cma_mu0p03,0.8828125,0.8828125,0.365234375,False
16qam-snr05-nominal-short,209,persymbol_cma_godard_with_z,0.87890625,0.87890625,0.369140625,False
16qam-snr05-nominal-short,209,block8_cma_godard_with_z,0.8828125,0.8828125,0.3662109375,False
16qam-snr05-nominal-short,209,block16_cma_godard_with_z,0.8828125,0.8828125,0.3662109375,False
16qam-snr05-nominal-short,209,sliding_window_recursive_cma,0.8828125,0.8828125,0.3662109375,False
16qam-snr05-nominal-short,209,oracle_affine_bound_KILL_ONLY,0.89453125,0.89453125,0.3798828125,False
16qam-snr05-nominal-short,210,block64_cma_mu0p03,0.46484375,0.46484375,0.134765625,False
16qam-snr05-nominal-short,210,persymbol_cma_godard_with_z,0.48828125,0.48828125,0.1435546875,False
16qam-snr05-nominal-short,210,block8_cma_godard_with_z,0.45703125,0.45703125,0.1328125,False
16qam-snr05-nominal-short,210,block16_cma_godard_with_z,0.44921875,0.44921875,0.134765625,False
16qam-snr05-nominal-short,210,sliding_window_recursive_cma,0.453125,0.453125,0.1337890625,False
16qam-snr05-nominal-short,210,oracle_affine_bound_KILL_ONLY,0.56640625,0.56640625,0.1611328125,False
16qam-snr05-nominal-short,211,block64_cma_mu0p03,0.56640625,0.56640625,0.1845703125,False
16qam-snr05-nominal-short,211,persymbol_cma_godard_with_z,0.5703125,0.5703125,0.1865234375,False
16qam-snr05-nominal-short,211,block8_cma_godard_with_z,0.5625,0.5625,0.18359375,False
16qam-snr05-nominal-short,211,block16_cma_godard_with_z,0.57421875,0.57421875,0.18359375,False
16qam-snr05-nominal-short,211,sliding_window_recursive_cma,0.55859375,0.55859375,0.1806640625,False
16qam-snr05-nominal-short,211,oracle_affine_bound_KILL_ONLY,0.59765625,0.59765625,0.1865234375,False
16qam-snr05-nominal-short,212,block64_cma_mu0p03,0.6640625,0.6640625,0.2333984375,False
16qam-snr05-nominal-short,212,persymbol_cma_godard_with_z,0.66015625,0.66015625,0.23046875,False
16qam-snr05-nominal-short,212,block8_cma_godard_with_z,0.66015625,0.66015625,0.2314453125,False
16qam-snr05-nominal-short,212,block16_cma_godard_with_z,0.67578125,0.67578125,0.234375,False
16qam-snr05-nominal-short,212,sliding_window_recursive_cma,0.671875,0.671875,0.2353515625,False
16qam-snr05-nominal-short,212,oracle_affine_bound_KILL_ONLY,0.72265625,0.72265625,0.25390625,False
16qam-snr05-nominal-short,213,block64_cma_mu0p03,0.47265625,0.47265625,0.126953125,False
16qam-snr05-nominal-short,213,persymbol_cma_godard_with_z,0.47265625,0.47265625,0.1298828125,False
16qam-snr05-nominal-short,213,block8_cma_godard_with_z,0.3359375,0.3359375,0.0908203125,False
16qam-snr05-nominal-short,213,block16_cma_godard_with_z,0.31640625,0.31640625,0.0859375,False
16qam-snr05-nominal-short,213,sliding_window_recursive_cma,0.33203125,0.33203125,0.08984375,False
16qam-snr05-nominal-short,213,oracle_affine_bound_KILL_ONLY,0.51171875,0.51171875,0.1484375,False
16qam-snr05-nominal-short,214,block64_cma_mu0p03,0.453125,0.453125,0.12890625,False
16qam-snr05-nominal-short,214,persymbol_cma_godard_with_z,0.46875,0.46875,0.1376953125,False
16qam-snr05-nominal-short,214,block8_cma_godard_with_z,0.4375,0.4375,0.126953125,False
16qam-snr05-nominal-short,214,block16_cma_godard_with_z,0.44921875,0.44921875,0.1318359375,False
16qam-snr05-nominal-short,214,sliding_window_recursive_cma,0.453125,0.453125,0.130859375,False
16qam-snr05-nominal-short,214,oracle_affine_bound_KILL_ONLY,0.53515625,0.53515625,0.1552734375,False
16qam-snr05-nominal-short,215,block64_cma_mu0p03,0.83203125,0.83203125,0.3349609375,False
16qam-snr05-nominal-short,215,persymbol_cma_godard_with_z,0.8359375,0.8359375,0.33984375,False
16qam-snr05-nominal-short,215,block8_cma_godard_with_z,0.83203125,0.83203125,0.3349609375,False
16qam-snr05-nominal-short,215,block16_cma_godard_with_z,0.828125,0.828125,0.3349609375,False
16qam-snr05-nominal-short,215,sliding_window_recursive_cma,0.83203125,0.83203125,0.3349609375,False
16qam-snr05-nominal-short,215,oracle_affine_bound_KILL_ONLY,0.8359375,0.8359375,0.3466796875,False
16qam-snr05-nominal-short,216,block64_cma_mu0p03,0.36328125,0.36328125,0.10546875,False
16qam-snr05-nominal-short,216,persymbol_cma_godard_with_z,0.3203125,0.3203125,0.095703125,False
16qam-snr05-nominal-short,216,block8_cma_godard_with_z,0.265625,0.265625,0.0732421875,False
16qam-snr05-nominal-short,216,block16_cma_godard_with_z,0.29296875,0.29296875,0.0830078125,False
16qam-snr05-nominal-short,216,sliding_window_recursive_cma,0.2734375,0.2734375,0.0751953125,False
16qam-snr05-nominal-short,216,oracle_affine_bound_KILL_ONLY,0.40234375,0.40234375,0.115234375,False
16qam-snr05-nominal-short,217,block64_cma_mu0p03,0.62109375,0.62109375,0.189453125,False
16qam-snr05-nominal-short,217,persymbol_cma_godard_with_z,0.62890625,0.62890625,0.189453125,False
16qam-snr05-nominal-short,217,block8_cma_godard_with_z,0.62109375,0.62109375,0.1884765625,False
16qam-snr05-nominal-short,217,block16_cma_godard_with_z,0.6015625,0.6015625,0.18359375,False
16qam-snr05-nominal-short,217,sliding_window_recursive_cma,0.62109375,0.62109375,0.1884765625,False
16qam-snr05-nominal-short,217,oracle_affine_bound_KILL_ONLY,0.671875,0.671875,0.212890625,False
16qam-snr05-nominal-short,218,block64_cma_mu0p03,0.80859375,0.80859375,0.3486328125,False
16qam-snr05-nominal-short,218,persymbol_cma_godard_with_z,0.8125,0.8125,0.34765625,False
16qam-snr05-nominal-short,218,block8_cma_godard_with_z,0.8125,0.8125,0.3515625,False
16qam-snr05-nominal-short,218,block16_cma_godard_with_z,0.80859375,0.80859375,0.3486328125,False
16qam-snr05-nominal-short,218,sliding_window_recursive_cma,0.80859375,0.80859375,0.3505859375,False
16qam-snr05-nominal-short,218,oracle_affine_bound_KILL_ONLY,0.82421875,0.82421875,0.3515625,False
16qam-snr05-nominal-short,219,block64_cma_mu0p03,0.62109375,0.62109375,0.2099609375,False
16qam-snr05-nominal-short,219,persymbol_cma_godard_with_z,0.640625,0.640625,0.212890625,False
16qam-snr05-nominal-short,219,block8_cma_godard_with_z,0.6171875,0.6171875,0.208984375,False
16qam-snr05-nominal-short,219,block16_cma_godard_with_z,0.61328125,0.61328125,0.20703125,False
16qam-snr05-nominal-short,219,sliding_window_recursive_cma,0.6171875,0.6171875,0.20703125,False
16qam-snr05-nominal-short,219,oracle_affine_bound_KILL_ONLY,0.6796875,0.6796875,0.232421875,False
16qam-snr05-nominal-short,220,block64_cma_mu0p03,0.44140625,0.44140625,0.126953125,False
16qam-snr05-nominal-short,220,persymbol_cma_godard_with_z,0.4609375,0.4609375,0.1337890625,False
16qam-snr05-nominal-short,220,block8_cma_godard_with_z,0.4375,0.4375,0.1279296875,False
16qam-snr05-nominal-short,220,block16_cma_godard_with_z,0.4375,0.4375,0.123046875,False
16qam-snr05-nominal-short,220,sliding_window_recursive_cma,0.44921875,0.44921875,0.1298828125,False
16qam-snr05-nominal-short,220,oracle_affine_bound_KILL_ONLY,0.52734375,0.52734375,0.1552734375,False
16qam-snr10-nominal-short,201,block64_cma_mu0p03,0.12109375,0.12109375,0.033203125,False
16qam-snr10-nominal-short,201,persymbol_cma_godard_with_z,0.1484375,0.1484375,0.0380859375,False
16qam-snr10-nominal-short,201,block8_cma_godard_with_z,0.10546875,0.10546875,0.02734375,False
16qam-snr10-nominal-short,201,block16_cma_godard_with_z,0.140625,0.140625,0.0380859375,False
16qam-snr10-nominal-short,201,sliding_window_recursive_cma,0.125,0.125,0.033203125,False
16qam-snr10-nominal-short,201,oracle_affine_bound_KILL_ONLY,0.15625,0.15625,0.0400390625,False
16qam-snr10-nominal-short,202,block64_cma_mu0p03,0.09375,0.09375,0.0244140625,False
16qam-snr10-nominal-short,202,persymbol_cma_godard_with_z,0.08203125,0.08203125,0.0205078125,False
16qam-snr10-nominal-short,202,block8_cma_godard_with_z,0.0703125,0.0703125,0.017578125,False
16qam-snr10-nominal-short,202,block16_cma_godard_with_z,0.1015625,0.1015625,0.025390625,False
16qam-snr10-nominal-short,202,sliding_window_recursive_cma,0.0703125,0.0703125,0.017578125,False
16qam-snr10-nominal-short,202,oracle_affine_bound_KILL_ONLY,0.1328125,0.1328125,0.0341796875,False
16qam-snr10-nominal-short,203,block64_cma_mu0p03,0.75,0.75,0.2548828125,False
16qam-snr10-nominal-short,203,persymbol_cma_godard_with_z,0.7421875,0.7421875,0.2509765625,False
16qam-snr10-nominal-short,203,block8_cma_godard_with_z,0.74609375,0.74609375,0.25390625,False
16qam-snr10-nominal-short,203,block16_cma_godard_with_z,0.7421875,0.7421875,0.25390625,False
16qam-snr10-nominal-short,203,sliding_window_recursive_cma,0.74609375,0.74609375,0.25390625,False
16qam-snr10-nominal-short,203,oracle_affine_bound_KILL_ONLY,0.6171875,0.6171875,0.1904296875,False
16qam-snr10-nominal-short,204,block64_cma_mu0p03,0.140625,0.140625,0.0361328125,False
16qam-snr10-nominal-short,204,persymbol_cma_godard_with_z,0.15234375,0.15234375,0.0400390625,False
16qam-snr10-nominal-short,204,block8_cma_godard_with_z,0.140625,0.140625,0.037109375,False
16qam-snr10-nominal-short,204,block16_cma_godard_with_z,0.14453125,0.14453125,0.037109375,False
16qam-snr10-nominal-short,204,sliding_window_recursive_cma,0.140625,0.140625,0.0361328125,False
16qam-snr10-nominal-short,204,oracle_affine_bound_KILL_ONLY,0.1640625,0.1640625,0.0419921875,False
16qam-snr10-nominal-short,205,block64_cma_mu0p03,0.1484375,0.1484375,0.0380859375,False
16qam-snr10-nominal-short,205,persymbol_cma_godard_with_z,0.15625,0.15625,0.041015625,False
16qam-snr10-nominal-short,205,block8_cma_godard_with_z,0.16015625,0.16015625,0.0419921875,False
16qam-snr10-nominal-short,205,block16_cma_godard_with_z,0.15234375,0.15234375,0.041015625,False
16qam-snr10-nominal-short,205,sliding_window_recursive_cma,0.15625,0.15625,0.041015625,False
16qam-snr10-nominal-short,205,oracle_affine_bound_KILL_ONLY,0.18359375,0.18359375,0.048828125,False
16qam-snr10-nominal-short,206,block64_cma_mu0p03,0.8671875,0.8671875,0.337890625,False
16qam-snr10-nominal-short,206,persymbol_cma_godard_with_z,0.86328125,0.86328125,0.3359375,False
16qam-snr10-nominal-short,206,block8_cma_godard_with_z,0.8671875,0.8671875,0.337890625,False
16qam-snr10-nominal-short,206,block16_cma_godard_with_z,0.87109375,0.87109375,0.3388671875,False
16qam-snr10-nominal-short,206,sliding_window_recursive_cma,0.8671875,0.8671875,0.337890625,False
16qam-snr10-nominal-short,206,oracle_affine_bound_KILL_ONLY,0.8125,0.8125,0.2939453125,False
16qam-snr10-nominal-short,207,block64_cma_mu0p03,0.125,0.125,0.033203125,False
16qam-snr10-nominal-short,207,persymbol_cma_godard_with_z,0.15234375,0.15234375,0.0439453125,False
16qam-snr10-nominal-short,207,block8_cma_godard_with_z,0.13671875,0.13671875,0.0361328125,False
16qam-snr10-nominal-short,207,block16_cma_godard_with_z,0.16796875,0.16796875,0.0439453125,False
16qam-snr10-nominal-short,207,sliding_window_recursive_cma,0.15234375,0.15234375,0.0400390625,False
16qam-snr10-nominal-short,207,oracle_affine_bound_KILL_ONLY,0.16015625,0.16015625,0.041015625,False
16qam-snr10-nominal-short,208,block64_cma_mu0p03,0.87109375,0.87109375,0.365234375,False
16qam-snr10-nominal-short,208,persymbol_cma_godard_with_z,0.87109375,0.87109375,0.3623046875,False
16qam-snr10-nominal-short,208,block8_cma_godard_with_z,0.87109375,0.87109375,0.3642578125,False
16qam-snr10-nominal-short,208,block16_cma_godard_with_z,0.87109375,0.87109375,0.3642578125,False
16qam-snr10-nominal-short,208,sliding_window_recursive_cma,0.87109375,0.87109375,0.3642578125,False
16qam-snr10-nominal-short,208,oracle_affine_bound_KILL_ONLY,0.859375,0.859375,0.3349609375,False
16qam-snr10-nominal-short,209,block64_cma_mu0p03,0.84375,0.84375,0.2978515625,False
16qam-snr10-nominal-short,209,persymbol_cma_godard_with_z,0.83984375,0.83984375,0.2978515625,False
16qam-snr10-nominal-short,209,block8_cma_godard_with_z,0.84375,0.84375,0.2978515625,False
16qam-snr10-nominal-short,209,block16_cma_godard_with_z,0.84765625,0.84765625,0.2998046875,False
16qam-snr10-nominal-short,209,sliding_window_recursive_cma,0.84375,0.84375,0.2978515625,False
16qam-snr10-nominal-short,209,oracle_affine_bound_KILL_ONLY,0.7578125,0.7578125,0.2734375,False
16qam-snr10-nominal-short,210,block64_cma_mu0p03,0.15625,0.15625,0.0400390625,False
16qam-snr10-nominal-short,210,persymbol_cma_godard_with_z,0.140625,0.140625,0.0361328125,False
16qam-snr10-nominal-short,210,block8_cma_godard_with_z,0.15625,0.15625,0.0400390625,False
16qam-snr10-nominal-short,210,block16_cma_godard_with_z,0.171875,0.171875,0.0439453125,False
16qam-snr10-nominal-short,210,sliding_window_recursive_cma,0.1640625,0.1640625,0.0419921875,False
16qam-snr10-nominal-short,210,oracle_affine_bound_KILL_ONLY,0.15625,0.15625,0.0390625,False
16qam-snr10-nominal-short,211,block64_cma_mu0p03,0.2421875,0.2421875,0.06640625,False
16qam-snr10-nominal-short,211,persymbol_cma_godard_with_z,0.2421875,0.2421875,0.0654296875,False
16qam-snr10-nominal-short,211,block8_cma_godard_with_z,0.23828125,0.23828125,0.0654296875,False
16qam-snr10-nominal-short,211,block16_cma_godard_with_z,0.234375,0.234375,0.064453125,False
16qam-snr10-nominal-short,211,sliding_window_recursive_cma,0.23828125,0.23828125,0.0654296875,False
16qam-snr10-nominal-short,211,oracle_affine_bound_KILL_ONLY,0.265625,0.265625,0.0712890625,False
16qam-snr10-nominal-short,212,block64_cma_mu0p03,0.46484375,0.46484375,0.142578125,False
16qam-snr10-nominal-short,212,persymbol_cma_godard_with_z,0.45703125,0.45703125,0.1396484375,False
16qam-snr10-nominal-short,212,block8_cma_godard_with_z,0.4765625,0.4765625,0.146484375,False
16qam-snr10-nominal-short,212,block16_cma_godard_with_z,0.49609375,0.49609375,0.15234375,False
16qam-snr10-nominal-short,212,sliding_window_recursive_cma,0.48828125,0.48828125,0.1494140625,False
16qam-snr10-nominal-short,212,oracle_affine_bound_KILL_ONLY,0.46484375,0.46484375,0.13671875,False
16qam-snr10-nominal-short,213,block64_cma_mu0p03,0.17578125,0.17578125,0.0439453125,False
16qam-snr10-nominal-short,213,persymbol_cma_godard_with_z,0.15625,0.15625,0.0400390625,False
16qam-snr10-nominal-short,213,block8_cma_godard_with_z,0.08984375,0.08984375,0.0224609375,False
16qam-snr10-nominal-short,213,block16_cma_godard_with_z,0.1171875,0.1171875,0.03125,False
16qam-snr10-nominal-short,213,sliding_window_recursive_cma,0.10546875,0.10546875,0.0263671875,False
16qam-snr10-nominal-short,213,oracle_affine_bound_KILL_ONLY,0.23828125,0.23828125,0.060546875,False
16qam-snr10-nominal-short,214,block64_cma_mu0p03,0.15234375,0.15234375,0.0380859375,False
16qam-snr10-nominal-short,214,persymbol_cma_godard_with_z,0.14453125,0.14453125,0.037109375,False
16qam-snr10-nominal-short,214,block8_cma_godard_with_z,0.15234375,0.15234375,0.0400390625,False
16qam-snr10-nominal-short,214,block16_cma_godard_with_z,0.171875,0.171875,0.044921875,False
16qam-snr10-nominal-short,214,sliding_window_recursive_cma,0.16015625,0.16015625,0.0419921875,False
16qam-snr10-nominal-short,214,oracle_affine_bound_KILL_ONLY,0.15625,0.15625,0.0400390625,False
16qam-snr10-nominal-short,215,block64_cma_mu0p03,0.76171875,0.76171875,0.267578125,False
16qam-snr10-nominal-short,215,persymbol_cma_godard_with_z,0.75390625,0.75390625,0.2607421875,False
16qam-snr10-nominal-short,215,block8_cma_godard_with_z,0.76171875,0.76171875,0.267578125,False
16qam-snr10-nominal-short,215,block16_cma_godard_with_z,0.765625,0.765625,0.26953125,False
16qam-snr10-nominal-short,215,sliding_window_recursive_cma,0.765625,0.765625,0.2685546875,False
16qam-snr10-nominal-short,215,oracle_affine_bound_KILL_ONLY,0.70703125,0.70703125,0.2294921875,False
16qam-snr10-nominal-short,216,block64_cma_mu0p03,0.109375,0.109375,0.02734375,False
16qam-snr10-nominal-short,216,persymbol_cma_godard_with_z,0.10546875,0.10546875,0.0263671875,False
16qam-snr10-nominal-short,216,block8_cma_godard_with_z,0.07421875,0.07421875,0.0185546875,False
16qam-snr10-nominal-short,216,block16_cma_godard_with_z,0.12109375,0.12109375,0.03125,False
16qam-snr10-nominal-short,216,sliding_window_recursive_cma,0.08203125,0.08203125,0.0205078125,False
16qam-snr10-nominal-short,216,oracle_affine_bound_KILL_ONLY,0.125,0.125,0.0322265625,False
16qam-snr10-nominal-short,217,block64_cma_mu0p03,0.3046875,0.3046875,0.0849609375,False
16qam-snr10-nominal-short,217,persymbol_cma_godard_with_z,0.31640625,0.31640625,0.0888671875,False
16qam-snr10-nominal-short,217,block8_cma_godard_with_z,0.296875,0.296875,0.0830078125,False
16qam-snr10-nominal-short,217,block16_cma_godard_with_z,0.29296875,0.29296875,0.08203125,False
16qam-snr10-nominal-short,217,sliding_window_recursive_cma,0.296875,0.296875,0.0830078125,False
16qam-snr10-nominal-short,217,oracle_affine_bound_KILL_ONLY,0.3046875,0.3046875,0.0859375,False
16qam-snr10-nominal-short,218,block64_cma_mu0p03,0.80078125,0.80078125,0.2900390625,False
16qam-snr10-nominal-short,218,persymbol_cma_godard_with_z,0.78125,0.78125,0.2822265625,False
16qam-snr10-nominal-short,218,block8_cma_godard_with_z,0.80078125,0.80078125,0.2900390625,False
16qam-snr10-nominal-short,218,block16_cma_godard_with_z,0.80078125,0.80078125,0.2919921875,False
16qam-snr10-nominal-short,218,sliding_window_recursive_cma,0.80078125,0.80078125,0.291015625,False
16qam-snr10-nominal-short,218,oracle_affine_bound_KILL_ONLY,0.65625,0.65625,0.232421875,False
16qam-snr10-nominal-short,219,block64_cma_mu0p03,0.3828125,0.3828125,0.1083984375,False
16qam-snr10-nominal-short,219,persymbol_cma_godard_with_z,0.359375,0.359375,0.1005859375,False
16qam-snr10-nominal-short,219,block8_cma_godard_with_z,0.37890625,0.37890625,0.107421875,False
16qam-snr10-nominal-short,219,block16_cma_godard_with_z,0.37890625,0.37890625,0.107421875,False
16qam-snr10-nominal-short,219,sliding_window_recursive_cma,0.375,0.375,0.1064453125,False
16qam-snr10-nominal-short,219,oracle_affine_bound_KILL_ONLY,0.3515625,0.3515625,0.0966796875,False
16qam-snr10-nominal-short,220,block64_cma_mu0p03,0.14453125,0.14453125,0.0361328125,False
16qam-snr10-nominal-short,220,persymbol_cma_godard_with_z,0.15234375,0.15234375,0.0380859375,False
16qam-snr10-nominal-short,220,block8_cma_godard_with_z,0.15234375,0.15234375,0.0380859375,False
16qam-snr10-nominal-short,220,block16_cma_godard_with_z,0.1484375,0.1484375,0.037109375,False
16qam-snr10-nominal-short,220,sliding_window_recursive_cma,0.15234375,0.15234375,0.0380859375,False
16qam-snr10-nominal-short,220,oracle_affine_bound_KILL_ONLY,0.1328125,0.1328125,0.033203125,False
16qam-snr15-nominal-short,201,block64_cma_mu0p03,0.01171875,0.01171875,0.0029296875,False
16qam-snr15-nominal-short,201,persymbol_cma_godard_with_z,0.0078125,0.0078125,0.001953125,False
16qam-snr15-nominal-short,201,block8_cma_godard_with_z,0.0078125,0.0078125,0.001953125,False
16qam-snr15-nominal-short,201,block16_cma_godard_with_z,0.0234375,0.0234375,0.005859375,False
16qam-snr15-nominal-short,201,sliding_window_recursive_cma,0.01171875,0.01171875,0.0029296875,False
16qam-snr15-nominal-short,201,oracle_affine_bound_KILL_ONLY,0.00390625,0.00390625,0.0009765625,False
16qam-snr15-nominal-short,202,block64_cma_mu0p03,0.015625,0.015625,0.00390625,False
16qam-snr15-nominal-short,202,persymbol_cma_godard_with_z,0.01953125,0.01953125,0.0048828125,False
16qam-snr15-nominal-short,202,block8_cma_godard_with_z,0.0078125,0.0078125,0.001953125,False
16qam-snr15-nominal-short,202,block16_cma_godard_with_z,0.0234375,0.0234375,0.005859375,False
16qam-snr15-nominal-short,202,sliding_window_recursive_cma,0.015625,0.015625,0.00390625,False
16qam-snr15-nominal-short,202,oracle_affine_bound_KILL_ONLY,0.02734375,0.02734375,0.0068359375,False
16qam-snr15-nominal-short,203,block64_cma_mu0p03,0.73828125,0.73828125,0.25,False
16qam-snr15-nominal-short,203,persymbol_cma_godard_with_z,0.73046875,0.73046875,0.2431640625,False
16qam-snr15-nominal-short,203,block8_cma_godard_with_z,0.7421875,0.7421875,0.2509765625,False
16qam-snr15-nominal-short,203,block16_cma_godard_with_z,0.75,0.75,0.2529296875,False
16qam-snr15-nominal-short,203,sliding_window_recursive_cma,0.7421875,0.7421875,0.251953125,False
16qam-snr15-nominal-short,203,oracle_affine_bound_KILL_ONLY,0.328125,0.328125,0.0869140625,False
16qam-snr15-nominal-short,204,block64_cma_mu0p03,0.015625,0.015625,0.00390625,False
16qam-snr15-nominal-short,204,persymbol_cma_godard_with_z,0.01171875,0.01171875,0.0029296875,False
16qam-snr15-nominal-short,204,block8_cma_godard_with_z,0.015625,0.015625,0.00390625,False
16qam-snr15-nominal-short,204,block16_cma_godard_with_z,0.0234375,0.0234375,0.005859375,False
16qam-snr15-nominal-short,204,sliding_window_recursive_cma,0.015625,0.015625,0.00390625,False
16qam-snr15-nominal-short,204,oracle_affine_bound_KILL_ONLY,0.0078125,0.0078125,0.001953125,False
16qam-snr15-nominal-short,205,block64_cma_mu0p03,0.0,0.0,0.0,False
16qam-snr15-nominal-short,205,persymbol_cma_godard_with_z,0.0,0.0,0.0,False
16qam-snr15-nominal-short,205,block8_cma_godard_with_z,0.0,0.0,0.0,False
16qam-snr15-nominal-short,205,block16_cma_godard_with_z,0.00390625,0.00390625,0.0009765625,False
16qam-snr15-nominal-short,205,sliding_window_recursive_cma,0.0,0.0,0.0,False
16qam-snr15-nominal-short,205,oracle_affine_bound_KILL_ONLY,0.0078125,0.0078125,0.001953125,False
16qam-snr15-nominal-short,206,block64_cma_mu0p03,0.83203125,0.83203125,0.302734375,False
16qam-snr15-nominal-short,206,persymbol_cma_godard_with_z,0.83203125,0.83203125,0.3037109375,False
16qam-snr15-nominal-short,206,block8_cma_godard_with_z,0.83203125,0.83203125,0.302734375,False
16qam-snr15-nominal-short,206,block16_cma_godard_with_z,0.83203125,0.83203125,0.302734375,False
16qam-snr15-nominal-short,206,sliding_window_recursive_cma,0.83203125,0.83203125,0.302734375,False
16qam-snr15-nominal-short,206,oracle_affine_bound_KILL_ONLY,0.53125,0.53125,0.158203125,False
16qam-snr15-nominal-short,207,block64_cma_mu0p03,0.01953125,0.01953125,0.0048828125,False
16qam-snr15-nominal-short,207,persymbol_cma_godard_with_z,0.01171875,0.01171875,0.0029296875,False
16qam-snr15-nominal-short,207,block8_cma_godard_with_z,0.0234375,0.0234375,0.005859375,False
16qam-snr15-nominal-short,207,block16_cma_godard_with_z,0.03515625,0.03515625,0.0087890625,False
16qam-snr15-nominal-short,207,sliding_window_recursive_cma,0.0234375,0.0234375,0.005859375,False
16qam-snr15-nominal-short,207,oracle_affine_bound_KILL_ONLY,0.0078125,0.0078125,0.001953125,False
16qam-snr15-nominal-short,208,block64_cma_mu0p03,0.83203125,0.83203125,0.3212890625,False
16qam-snr15-nominal-short,208,persymbol_cma_godard_with_z,0.83203125,0.83203125,0.322265625,False
16qam-snr15-nominal-short,208,block8_cma_godard_with_z,0.828125,0.828125,0.3212890625,False
16qam-snr15-nominal-short,208,block16_cma_godard_with_z,0.828125,0.828125,0.3212890625,False
16qam-snr15-nominal-short,208,sliding_window_recursive_cma,0.828125,0.828125,0.3212890625,False
16qam-snr15-nominal-short,208,oracle_affine_bound_KILL_ONLY,0.63671875,0.63671875,0.1962890625,False
16qam-snr15-nominal-short,209,block64_cma_mu0p03,0.80859375,0.80859375,0.2822265625,False
16qam-snr15-nominal-short,209,persymbol_cma_godard_with_z,0.8046875,0.8046875,0.2802734375,False
16qam-snr15-nominal-short,209,block8_cma_godard_with_z,0.80859375,0.80859375,0.2822265625,False
16qam-snr15-nominal-short,209,block16_cma_godard_with_z,0.80859375,0.80859375,0.2822265625,False
16qam-snr15-nominal-short,209,sliding_window_recursive_cma,0.80859375,0.80859375,0.2822265625,False
16qam-snr15-nominal-short,209,oracle_affine_bound_KILL_ONLY,0.44921875,0.44921875,0.14453125,False
16qam-snr15-nominal-short,210,block64_cma_mu0p03,0.01171875,0.01171875,0.0029296875,False
16qam-snr15-nominal-short,210,persymbol_cma_godard_with_z,0.01171875,0.01171875,0.0029296875,False
16qam-snr15-nominal-short,210,block8_cma_godard_with_z,0.01171875,0.01171875,0.0029296875,False
16qam-snr15-nominal-short,210,block16_cma_godard_with_z,0.01171875,0.01171875,0.0029296875,False
16qam-snr15-nominal-short,210,sliding_window_recursive_cma,0.01171875,0.01171875,0.0029296875,False
16qam-snr15-nominal-short,210,oracle_affine_bound_KILL_ONLY,0.01953125,0.01953125,0.0048828125,False
16qam-snr15-nominal-short,211,block64_cma_mu0p03,0.03125,0.03125,0.0078125,False
16qam-snr15-nominal-short,211,persymbol_cma_godard_with_z,0.03125,0.03125,0.0078125,False
16qam-snr15-nominal-short,211,block8_cma_godard_with_z,0.03125,0.03125,0.0078125,False
16qam-snr15-nominal-short,211,block16_cma_godard_with_z,0.03125,0.03125,0.0078125,False
16qam-snr15-nominal-short,211,sliding_window_recursive_cma,0.03125,0.03125,0.0078125,False
16qam-snr15-nominal-short,211,oracle_affine_bound_KILL_ONLY,0.01953125,0.01953125,0.0048828125,False
16qam-snr15-nominal-short,212,block64_cma_mu0p03,0.3046875,0.3046875,0.087890625,False
16qam-snr15-nominal-short,212,persymbol_cma_godard_with_z,0.265625,0.265625,0.072265625,False
16qam-snr15-nominal-short,212,block8_cma_godard_with_z,0.30859375,0.30859375,0.0888671875,False
16qam-snr15-nominal-short,212,block16_cma_godard_with_z,0.3203125,0.3203125,0.09375,False
16qam-snr15-nominal-short,212,sliding_window_recursive_cma,0.3125,0.3125,0.0908203125,False
16qam-snr15-nominal-short,212,oracle_affine_bound_KILL_ONLY,0.1328125,0.1328125,0.0380859375,False
16qam-snr15-nominal-short,213,block64_cma_mu0p03,0.06640625,0.06640625,0.0166015625,False
16qam-snr15-nominal-short,213,persymbol_cma_godard_with_z,0.03125,0.03125,0.0078125,False
16qam-snr15-nominal-short,213,block8_cma_godard_with_z,0.01953125,0.01953125,0.0048828125,False
16qam-snr15-nominal-short,213,block16_cma_godard_with_z,0.04296875,0.04296875,0.0107421875,False
16qam-snr15-nominal-short,213,sliding_window_recursive_cma,0.03125,0.03125,0.0078125,False
16qam-snr15-nominal-short,213,oracle_affine_bound_KILL_ONLY,0.109375,0.109375,0.02734375,False
16qam-snr15-nominal-short,214,block64_cma_mu0p03,0.00390625,0.00390625,0.0009765625,False
16qam-snr15-nominal-short,214,persymbol_cma_godard_with_z,0.0078125,0.0078125,0.001953125,False
16qam-snr15-nominal-short,214,block8_cma_godard_with_z,0.00390625,0.00390625,0.0009765625,False
16qam-snr15-nominal-short,214,block16_cma_godard_with_z,0.00390625,0.00390625,0.0009765625,False
16qam-snr15-nominal-short,214,sliding_window_recursive_cma,0.00390625,0.00390625,0.0009765625,False
16qam-snr15-nominal-short,214,oracle_affine_bound_KILL_ONLY,0.0078125,0.0078125,0.001953125,False
16qam-snr15-nominal-short,215,block64_cma_mu0p03,0.75390625,0.75390625,0.248046875,False
16qam-snr15-nominal-short,215,persymbol_cma_godard_with_z,0.72265625,0.72265625,0.234375,False
16qam-snr15-nominal-short,215,block8_cma_godard_with_z,0.76171875,0.76171875,0.25,False
16qam-snr15-nominal-short,215,block16_cma_godard_with_z,0.77734375,0.77734375,0.255859375,False
16qam-snr15-nominal-short,215,sliding_window_recursive_cma,0.76953125,0.76953125,0.2529296875,False
16qam-snr15-nominal-short,215,oracle_affine_bound_KILL_ONLY,0.41015625,0.41015625,0.1103515625,False
16qam-snr15-nominal-short,216,block64_cma_mu0p03,0.01953125,0.01953125,0.0048828125,False
16qam-snr15-nominal-short,216,persymbol_cma_godard_with_z,0.01171875,0.01171875,0.0029296875,False
16qam-snr15-nominal-short,216,block8_cma_godard_with_z,0.01171875,0.01171875,0.0029296875,False
16qam-snr15-nominal-short,216,block16_cma_godard_with_z,0.03125,0.03125,0.0078125,False
16qam-snr15-nominal-short,216,sliding_window_recursive_cma,0.01171875,0.01171875,0.0029296875,False
16qam-snr15-nominal-short,216,oracle_affine_bound_KILL_ONLY,0.0390625,0.0390625,0.009765625,False
16qam-snr15-nominal-short,217,block64_cma_mu0p03,0.0546875,0.0546875,0.013671875,False
16qam-snr15-nominal-short,217,persymbol_cma_godard_with_z,0.0546875,0.0546875,0.013671875,False
16qam-snr15-nominal-short,217,block8_cma_godard_with_z,0.05859375,0.05859375,0.0146484375,False
16qam-snr15-nominal-short,217,block16_cma_godard_with_z,0.05859375,0.05859375,0.0146484375,False
16qam-snr15-nominal-short,217,sliding_window_recursive_cma,0.05859375,0.05859375,0.0146484375,False
16qam-snr15-nominal-short,217,oracle_affine_bound_KILL_ONLY,0.046875,0.046875,0.01171875,False
16qam-snr15-nominal-short,218,block64_cma_mu0p03,0.77734375,0.77734375,0.26953125,False
16qam-snr15-nominal-short,218,persymbol_cma_godard_with_z,0.7734375,0.7734375,0.267578125,False
16qam-snr15-nominal-short,218,block8_cma_godard_with_z,0.77734375,0.77734375,0.26953125,False
16qam-snr15-nominal-short,218,block16_cma_godard_with_z,0.78125,0.78125,0.2705078125,False
16qam-snr15-nominal-short,218,sliding_window_recursive_cma,0.78125,0.78125,0.2705078125,False
16qam-snr15-nominal-short,218,oracle_affine_bound_KILL_ONLY,0.37890625,0.37890625,0.115234375,False
16qam-snr15-nominal-short,219,block64_cma_mu0p03,0.1640625,0.1640625,0.044921875,False
16qam-snr15-nominal-short,219,persymbol_cma_godard_with_z,0.14453125,0.14453125,0.041015625,False
16qam-snr15-nominal-short,219,block8_cma_godard_with_z,0.16796875,0.16796875,0.0458984375,False
16qam-snr15-nominal-short,219,block16_cma_godard_with_z,0.171875,0.171875,0.0478515625,False
16qam-snr15-nominal-short,219,sliding_window_recursive_cma,0.16796875,0.16796875,0.046875,False
16qam-snr15-nominal-short,219,oracle_affine_bound_KILL_ONLY,0.0859375,0.0859375,0.0224609375,False
16qam-snr15-nominal-short,220,block64_cma_mu0p03,0.00390625,0.00390625,0.0009765625,False
16qam-snr15-nominal-short,220,persymbol_cma_godard_with_z,0.0,0.0,0.0,False
16qam-snr15-nominal-short,220,block8_cma_godard_with_z,0.00390625,0.00390625,0.0009765625,False
16qam-snr15-nominal-short,220,block16_cma_godard_with_z,0.0078125,0.0078125,0.001953125,False
16qam-snr15-nominal-short,220,sliding_window_recursive_cma,0.00390625,0.00390625,0.0009765625,False
16qam-snr15-nominal-short,220,oracle_affine_bound_KILL_ONLY,0.00390625,0.00390625,0.0009765625,False
16qam-snr25-nominal-short,201,block64_cma_mu0p03,0.0,0.0,0.0,False
16qam-snr25-nominal-short,201,persymbol_cma_godard_with_z,0.0,0.0,0.0,False
16qam-snr25-nominal-short,201,block8_cma_godard_with_z,0.0,0.0,0.0,False
16qam-snr25-nominal-short,201,block16_cma_godard_with_z,0.0,0.0,0.0,False
16qam-snr25-nominal-short,201,sliding_window_recursive_cma,0.0,0.0,0.0,False
16qam-snr25-nominal-short,201,oracle_affine_bound_KILL_ONLY,0.0,0.0,0.0,False
16qam-snr25-nominal-short,202,block64_cma_mu0p03,0.0,0.0,0.0,False
16qam-snr25-nominal-short,202,persymbol_cma_godard_with_z,0.0,0.0,0.0,False
16qam-snr25-nominal-short,202,block8_cma_godard_with_z,0.0,0.0,0.0,False
16qam-snr25-nominal-short,202,block16_cma_godard_with_z,0.0,0.0,0.0,False
16qam-snr25-nominal-short,202,sliding_window_recursive_cma,0.0,0.0,0.0,False
16qam-snr25-nominal-short,202,oracle_affine_bound_KILL_ONLY,0.01171875,0.01171875,0.0029296875,False
16qam-snr25-nominal-short,203,block64_cma_mu0p03,0.71484375,0.71484375,0.2412109375,False
16qam-snr25-nominal-short,203,persymbol_cma_godard_with_z,0.71484375,0.71484375,0.2412109375,False
16qam-snr25-nominal-short,203,block8_cma_godard_with_z,0.71484375,0.71484375,0.2412109375,False
16qam-snr25-nominal-short,203,block16_cma_godard_with_z,0.71484375,0.71484375,0.2412109375,False
16qam-snr25-nominal-short,203,sliding_window_recursive_cma,0.71484375,0.71484375,0.2412109375,False
16qam-snr25-nominal-short,203,oracle_affine_bound_KILL_ONLY,0.0,0.0,0.0,False
16qam-snr25-nominal-short,204,block64_cma_mu0p03,0.0,0.0,0.0,False
16qam-snr25-nominal-short,204,persymbol_cma_godard_with_z,0.0,0.0,0.0,False
16qam-snr25-nominal-short,204,block8_cma_godard_with_z,0.0,0.0,0.0,False
16qam-snr25-nominal-short,204,block16_cma_godard_with_z,0.0,0.0,0.0,False
16qam-snr25-nominal-short,204,sliding_window_recursive_cma,0.0,0.0,0.0,False
16qam-snr25-nominal-short,204,oracle_affine_bound_KILL_ONLY,0.0,0.0,0.0,False
16qam-snr25-nominal-short,205,block64_cma_mu0p03,0.0,0.0,0.0,False
16qam-snr25-nominal-short,205,persymbol_cma_godard_with_z,0.0,0.0,0.0,False
16qam-snr25-nominal-short,205,block8_cma_godard_with_z,0.0,0.0,0.0,False
16qam-snr25-nominal-short,205,block16_cma_godard_with_z,0.0,0.0,0.0,False
16qam-snr25-nominal-short,205,sliding_window_recursive_cma,0.0,0.0,0.0,False
16qam-snr25-nominal-short,205,oracle_affine_bound_KILL_ONLY,0.0,0.0,0.0,False
16qam-snr25-nominal-short,206,block64_cma_mu0p03,0.7578125,0.7578125,0.255859375,False
16qam-snr25-nominal-short,206,persymbol_cma_godard_with_z,0.7578125,0.7578125,0.255859375,False
16qam-snr25-nominal-short,206,block8_cma_godard_with_z,0.7578125,0.7578125,0.255859375,False
16qam-snr25-nominal-short,206,block16_cma_godard_with_z,0.7578125,0.7578125,0.255859375,False
16qam-snr25-nominal-short,206,sliding_window_recursive_cma,0.7578125,0.7578125,0.255859375,False
16qam-snr25-nominal-short,206,oracle_affine_bound_KILL_ONLY,0.01171875,0.01171875,0.0029296875,False
16qam-snr25-nominal-short,207,block64_cma_mu0p03,0.0,0.0,0.0,False
16qam-snr25-nominal-short,207,persymbol_cma_godard_with_z,0.00390625,0.00390625,0.0009765625,False
16qam-snr25-nominal-short,207,block8_cma_godard_with_z,0.0,0.0,0.0,False
16qam-snr25-nominal-short,207,block16_cma_godard_with_z,0.0,0.0,0.0,False
16qam-snr25-nominal-short,207,sliding_window_recursive_cma,0.0,0.0,0.0,False
16qam-snr25-nominal-short,207,oracle_affine_bound_KILL_ONLY,0.0,0.0,0.0,False
16qam-snr25-nominal-short,208,block64_cma_mu0p03,0.72265625,0.72265625,0.26171875,False
16qam-snr25-nominal-short,208,persymbol_cma_godard_with_z,0.72265625,0.72265625,0.26171875,False
16qam-snr25-nominal-short,208,block8_cma_godard_with_z,0.72265625,0.72265625,0.26171875,False
16qam-snr25-nominal-short,208,block16_cma_godard_with_z,0.72265625,0.72265625,0.26171875,False
16qam-snr25-nominal-short,208,sliding_window_recursive_cma,0.72265625,0.72265625,0.26171875,False
16qam-snr25-nominal-short,208,oracle_affine_bound_KILL_ONLY,0.03515625,0.03515625,0.0087890625,False
16qam-snr25-nominal-short,209,block64_cma_mu0p03,0.71875,0.71875,0.2373046875,False
16qam-snr25-nominal-short,209,persymbol_cma_godard_with_z,0.71875,0.71875,0.2373046875,False
16qam-snr25-nominal-short,209,block8_cma_godard_with_z,0.71875,0.71875,0.2373046875,False
16qam-snr25-nominal-short,209,block16_cma_godard_with_z,0.71875,0.71875,0.2373046875,False
16qam-snr25-nominal-short,209,sliding_window_recursive_cma,0.71875,0.71875,0.2373046875,False
16qam-snr25-nominal-short,209,oracle_affine_bound_KILL_ONLY,0.00390625,0.00390625,0.0009765625,False
16qam-snr25-nominal-short,210,block64_cma_mu0p03,0.0,0.0,0.0,False
16qam-snr25-nominal-short,210,persymbol_cma_godard_with_z,0.0,0.0,0.0,False
16qam-snr25-nominal-short,210,block8_cma_godard_with_z,0.0,0.0,0.0,False
16qam-snr25-nominal-short,210,block16_cma_godard_with_z,0.0,0.0,0.0,False
16qam-snr25-nominal-short,210,sliding_window_recursive_cma,0.0,0.0,0.0,False
16qam-snr25-nominal-short,210,oracle_affine_bound_KILL_ONLY,0.0,0.0,0.0,False
16qam-snr25-nominal-short,211,block64_cma_mu0p03,0.0,0.0,0.0,False
16qam-snr25-nominal-short,211,persymbol_cma_godard_with_z,0.0,0.0,0.0,False
16qam-snr25-nominal-short,211,block8_cma_godard_with_z,0.0,0.0,0.0,False
16qam-snr25-nominal-short,211,block16_cma_godard_with_z,0.0,0.0,0.0,False
16qam-snr25-nominal-short,211,sliding_window_recursive_cma,0.0,0.0,0.0,False
16qam-snr25-nominal-short,211,oracle_affine_bound_KILL_ONLY,0.0,0.0,0.0,False
16qam-snr25-nominal-short,212,block64_cma_mu0p03,0.0859375,0.0859375,0.0234375,False
16qam-snr25-nominal-short,212,persymbol_cma_godard_with_z,0.015625,0.015625,0.00390625,False
16qam-snr25-nominal-short,212,block8_cma_godard_with_z,0.09375,0.09375,0.025390625,False
16qam-snr25-nominal-short,212,block16_cma_godard_with_z,0.12890625,0.12890625,0.03515625,False
16qam-snr25-nominal-short,212,sliding_window_recursive_cma,0.1171875,0.1171875,0.0322265625,False
16qam-snr25-nominal-short,212,oracle_affine_bound_KILL_ONLY,0.0,0.0,0.0,False
16qam-snr25-nominal-short,213,block64_cma_mu0p03,0.03515625,0.03515625,0.0087890625,False
16qam-snr25-nominal-short,213,persymbol_cma_godard_with_z,0.00390625,0.00390625,0.0009765625,False
16qam-snr25-nominal-short,213,block8_cma_godard_with_z,0.0,0.0,0.0,False
16qam-snr25-nominal-short,213,block16_cma_godard_with_z,0.0,0.0,0.0,False
16qam-snr25-nominal-short,213,sliding_window_recursive_cma,0.0,0.0,0.0,False
16qam-snr25-nominal-short,213,oracle_affine_bound_KILL_ONLY,0.03515625,0.03515625,0.0087890625,False
16qam-snr25-nominal-short,214,block64_cma_mu0p03,0.0,0.0,0.0,False
16qam-snr25-nominal-short,214,persymbol_cma_godard_with_z,0.0,0.0,0.0,False
16qam-snr25-nominal-short,214,block8_cma_godard_with_z,0.0,0.0,0.0,False
16qam-snr25-nominal-short,214,block16_cma_godard_with_z,0.0,0.0,0.0,False
16qam-snr25-nominal-short,214,sliding_window_recursive_cma,0.0,0.0,0.0,False
16qam-snr25-nominal-short,214,oracle_affine_bound_KILL_ONLY,0.0,0.0,0.0,False
16qam-snr25-nominal-short,215,block64_cma_mu0p03,0.75,0.75,0.244140625,False
16qam-snr25-nominal-short,215,persymbol_cma_godard_with_z,0.75,0.75,0.244140625,False
16qam-snr25-nominal-short,215,block8_cma_godard_with_z,0.75,0.75,0.244140625,False
16qam-snr25-nominal-short,215,block16_cma_godard_with_z,0.75,0.75,0.244140625,False
16qam-snr25-nominal-short,215,sliding_window_recursive_cma,0.75,0.75,0.244140625,False
16qam-snr25-nominal-short,215,oracle_affine_bound_KILL_ONLY,0.0,0.0,0.0,False
16qam-snr25-nominal-short,216,block64_cma_mu0p03,0.0,0.0,0.0,False
16qam-snr25-nominal-short,216,persymbol_cma_godard_with_z,0.0,0.0,0.0,False
16qam-snr25-nominal-short,216,block8_cma_godard_with_z,0.0,0.0,0.0,False
16qam-snr25-nominal-short,216,block16_cma_godard_with_z,0.0,0.0,0.0,False
16qam-snr25-nominal-short,216,sliding_window_recursive_cma,0.0,0.0,0.0,False
16qam-snr25-nominal-short,216,oracle_affine_bound_KILL_ONLY,0.00390625,0.00390625,0.0009765625,False
16qam-snr25-nominal-short,217,block64_cma_mu0p03,0.0,0.0,0.0,False
16qam-snr25-nominal-short,217,persymbol_cma_godard_with_z,0.0,0.0,0.0,False
16qam-snr25-nominal-short,217,block8_cma_godard_with_z,0.0,0.0,0.0,False
16qam-snr25-nominal-short,217,block16_cma_godard_with_z,0.0,0.0,0.0,False
16qam-snr25-nominal-short,217,sliding_window_recursive_cma,0.0,0.0,0.0,False
16qam-snr25-nominal-short,217,oracle_affine_bound_KILL_ONLY,0.0,0.0,0.0,False
16qam-snr25-nominal-short,218,block64_cma_mu0p03,0.71875,0.71875,0.244140625,False
16qam-snr25-nominal-short,218,persymbol_cma_godard_with_z,0.71875,0.71875,0.244140625,False
16qam-snr25-nominal-short,218,block8_cma_godard_with_z,0.71875,0.71875,0.244140625,False
16qam-snr25-nominal-short,218,block16_cma_godard_with_z,0.71875,0.71875,0.244140625,False
16qam-snr25-nominal-short,218,sliding_window_recursive_cma,0.71875,0.71875,0.244140625,False
16qam-snr25-nominal-short,218,oracle_affine_bound_KILL_ONLY,0.00390625,0.00390625,0.0009765625,False
16qam-snr25-nominal-short,219,block64_cma_mu0p03,0.0,0.0,0.0,False
16qam-snr25-nominal-short,219,persymbol_cma_godard_with_z,0.0,0.0,0.0,False
16qam-snr25-nominal-short,219,block8_cma_godard_with_z,0.0,0.0,0.0,False
16qam-snr25-nominal-short,219,block16_cma_godard_with_z,0.0,0.0,0.0,False
16qam-snr25-nominal-short,219,sliding_window_recursive_cma,0.0,0.0,0.0,False
16qam-snr25-nominal-short,219,oracle_affine_bound_KILL_ONLY,0.0,0.0,0.0,False
16qam-snr25-nominal-short,220,block64_cma_mu0p03,0.0,0.0,0.0,False
16qam-snr25-nominal-short,220,persymbol_cma_godard_with_z,0.0,0.0,0.0,False
16qam-snr25-nominal-short,220,block8_cma_godard_with_z,0.0,0.0,0.0,False
16qam-snr25-nominal-short,220,block16_cma_godard_with_z,0.0,0.0,0.0,False
16qam-snr25-nominal-short,220,sliding_window_recursive_cma,0.0,0.0,0.0,False
16qam-snr25-nominal-short,220,oracle_affine_bound_KILL_ONLY,0.0,0.0,0.0,False
16qam-snr20-fg100-short,201,block64_cma_mu0p03,0.0,0.0,0.0,False
16qam-snr20-fg100-short,201,persymbol_cma_godard_with_z,0.0,0.0,0.0,False
16qam-snr20-fg100-short,201,block8_cma_godard_with_z,0.0,0.0,0.0,False
16qam-snr20-fg100-short,201,block16_cma_godard_with_z,0.0,0.0,0.0,False
16qam-snr20-fg100-short,201,sliding_window_recursive_cma,0.0,0.0,0.0,False
16qam-snr20-fg100-short,201,oracle_affine_bound_KILL_ONLY,0.0,0.0,0.0,False
16qam-snr20-fg100-short,202,block64_cma_mu0p03,0.0,0.0,0.0,False
16qam-snr20-fg100-short,202,persymbol_cma_godard_with_z,0.0,0.0,0.0,False
16qam-snr20-fg100-short,202,block8_cma_godard_with_z,0.0,0.0,0.0,False
16qam-snr20-fg100-short,202,block16_cma_godard_with_z,0.0,0.0,0.0,False
16qam-snr20-fg100-short,202,sliding_window_recursive_cma,0.0,0.0,0.0,False
16qam-snr20-fg100-short,202,oracle_affine_bound_KILL_ONLY,0.0078125,0.0078125,0.001953125,False
16qam-snr20-fg100-short,203,block64_cma_mu0p03,0.71875,0.71875,0.2431640625,False
16qam-snr20-fg100-short,203,persymbol_cma_godard_with_z,0.71875,0.71875,0.2421875,False
16qam-snr20-fg100-short,203,block8_cma_godard_with_z,0.71875,0.71875,0.2431640625,False
16qam-snr20-fg100-short,203,block16_cma_godard_with_z,0.72265625,0.72265625,0.244140625,False
16qam-snr20-fg100-short,203,sliding_window_recursive_cma,0.72265625,0.72265625,0.244140625,False
16qam-snr20-fg100-short,203,oracle_affine_bound_KILL_ONLY,0.04296875,0.04296875,0.0107421875,False
16qam-snr20-fg100-short,204,block64_cma_mu0p03,0.0,0.0,0.0,False
16qam-snr20-fg100-short,204,persymbol_cma_godard_with_z,0.0,0.0,0.0,False
16qam-snr20-fg100-short,204,block8_cma_godard_with_z,0.0,0.0,0.0,False
16qam-snr20-fg100-short,204,block16_cma_godard_with_z,0.0,0.0,0.0,False
16qam-snr20-fg100-short,204,sliding_window_recursive_cma,0.0,0.0,0.0,False
16qam-snr20-fg100-short,204,oracle_affine_bound_KILL_ONLY,0.0,0.0,0.0,False
16qam-snr20-fg100-short,205,block64_cma_mu0p03,0.0,0.0,0.0,False
16qam-snr20-fg100-short,205,persymbol_cma_godard_with_z,0.0,0.0,0.0,False
16qam-snr20-fg100-short,205,block8_cma_godard_with_z,0.0,0.0,0.0,False
16qam-snr20-fg100-short,205,block16_cma_godard_with_z,0.0,0.0,0.0,False
16qam-snr20-fg100-short,205,sliding_window_recursive_cma,0.0,0.0,0.0,False
16qam-snr20-fg100-short,205,oracle_affine_bound_KILL_ONLY,0.0,0.0,0.0,False
16qam-snr20-fg100-short,206,block64_cma_mu0p03,0.78125,0.78125,0.26953125,False
16qam-snr20-fg100-short,206,persymbol_cma_godard_with_z,0.78125,0.78125,0.26953125,False
16qam-snr20-fg100-short,206,block8_cma_godard_with_z,0.78515625,0.78515625,0.2705078125,False
16qam-snr20-fg100-short,206,block16_cma_godard_with_z,0.7890625,0.7890625,0.271484375,False
16qam-snr20-fg100-short,206,sliding_window_recursive_cma,0.7890625,0.7890625,0.271484375,False
16qam-snr20-fg100-short,206,oracle_affine_bound_KILL_ONLY,0.1953125,0.1953125,0.0498046875,False
16qam-snr20-fg100-short,207,block64_cma_mu0p03,0.00390625,0.00390625,0.0009765625,False
16qam-snr20-fg100-short,207,persymbol_cma_godard_with_z,0.00390625,0.00390625,0.0009765625,False
16qam-snr20-fg100-short,207,block8_cma_godard_with_z,0.00390625,0.00390625,0.0009765625,False
16qam-snr20-fg100-short,207,block16_cma_godard_with_z,0.0,0.0,0.0,False
16qam-snr20-fg100-short,207,sliding_window_recursive_cma,0.00390625,0.00390625,0.0009765625,False
16qam-snr20-fg100-short,207,oracle_affine_bound_KILL_ONLY,0.0,0.0,0.0,False
16qam-snr20-fg100-short,208,block64_cma_mu0p03,0.7578125,0.7578125,0.2802734375,False
16qam-snr20-fg100-short,208,persymbol_cma_godard_with_z,0.7578125,0.7578125,0.2802734375,False
16qam-snr20-fg100-short,208,block8_cma_godard_with_z,0.7578125,0.7578125,0.2802734375,False
16qam-snr20-fg100-short,208,block16_cma_godard_with_z,0.7578125,0.7578125,0.2802734375,False
16qam-snr20-fg100-short,208,sliding_window_recursive_cma,0.7578125,0.7578125,0.2802734375,False
16qam-snr20-fg100-short,208,oracle_affine_bound_KILL_ONLY,0.3125,0.3125,0.083984375,False
16qam-snr20-fg100-short,209,block64_cma_mu0p03,0.7421875,0.7421875,0.2490234375,False
16qam-snr20-fg100-short,209,persymbol_cma_godard_with_z,0.7421875,0.7421875,0.2490234375,False
16qam-snr20-fg100-short,209,block8_cma_godard_with_z,0.7421875,0.7421875,0.2490234375,False
16qam-snr20-fg100-short,209,block16_cma_godard_with_z,0.7421875,0.7421875,0.2490234375,False
16qam-snr20-fg100-short,209,sliding_window_recursive_cma,0.7421875,0.7421875,0.2490234375,False
16qam-snr20-fg100-short,209,oracle_affine_bound_KILL_ONLY,0.15234375,0.15234375,0.04296875,False
16qam-snr20-fg100-short,210,block64_cma_mu0p03,0.0,0.0,0.0,False
16qam-snr20-fg100-short,210,persymbol_cma_godard_with_z,0.0,0.0,0.0,False
16qam-snr20-fg100-short,210,block8_cma_godard_with_z,0.0,0.0,0.0,False
16qam-snr20-fg100-short,210,block16_cma_godard_with_z,0.0,0.0,0.0,False
16qam-snr20-fg100-short,210,sliding_window_recursive_cma,0.0,0.0,0.0,False
16qam-snr20-fg100-short,210,oracle_affine_bound_KILL_ONLY,0.0,0.0,0.0,False
16qam-snr20-fg100-short,211,block64_cma_mu0p03,0.0,0.0,0.0,False
16qam-snr20-fg100-short,211,persymbol_cma_godard_with_z,0.0,0.0,0.0,False
16qam-snr20-fg100-short,211,block8_cma_godard_with_z,0.0,0.0,0.0,False
16qam-snr20-fg100-short,211,block16_cma_godard_with_z,0.0,0.0,0.0,False
16qam-snr20-fg100-short,211,sliding_window_recursive_cma,0.0,0.0,0.0,False
16qam-snr20-fg100-short,211,oracle_affine_bound_KILL_ONLY,0.0,0.0,0.0,False
16qam-snr20-fg100-short,212,block64_cma_mu0p03,0.20703125,0.20703125,0.0556640625,False
16qam-snr20-fg100-short,212,persymbol_cma_godard_with_z,0.1171875,0.1171875,0.03125,False
16qam-snr20-fg100-short,212,block8_cma_godard_with_z,0.21484375,0.21484375,0.0576171875,False
16qam-snr20-fg100-short,212,block16_cma_godard_with_z,0.2421875,0.2421875,0.0654296875,False
16qam-snr20-fg100-short,212,sliding_window_recursive_cma,0.2265625,0.2265625,0.0615234375,False
16qam-snr20-fg100-short,212,oracle_affine_bound_KILL_ONLY,0.00390625,0.00390625,0.0009765625,False
16qam-snr20-fg100-short,213,block64_cma_mu0p03,0.03515625,0.03515625,0.0087890625,False
16qam-snr20-fg100-short,213,persymbol_cma_godard_with_z,0.015625,0.015625,0.00390625,False
16qam-snr20-fg100-short,213,block8_cma_godard_with_z,0.00390625,0.00390625,0.0009765625,False
16qam-snr20-fg100-short,213,block16_cma_godard_with_z,0.0078125,0.0078125,0.001953125,False
16qam-snr20-fg100-short,213,sliding_window_recursive_cma,0.00390625,0.00390625,0.0009765625,False
16qam-snr20-fg100-short,213,oracle_affine_bound_KILL_ONLY,0.046875,0.046875,0.01171875,False
16qam-snr20-fg100-short,214,block64_cma_mu0p03,0.0,0.0,0.0,False
16qam-snr20-fg100-short,214,persymbol_cma_godard_with_z,0.0,0.0,0.0,False
16qam-snr20-fg100-short,214,block8_cma_godard_with_z,0.0,0.0,0.0,False
16qam-snr20-fg100-short,214,block16_cma_godard_with_z,0.0,0.0,0.0,False
16qam-snr20-fg100-short,214,sliding_window_recursive_cma,0.0,0.0,0.0,False
16qam-snr20-fg100-short,214,oracle_affine_bound_KILL_ONLY,0.0,0.0,0.0,False
16qam-snr20-fg100-short,215,block64_cma_mu0p03,0.76171875,0.76171875,0.248046875,False
16qam-snr20-fg100-short,215,persymbol_cma_godard_with_z,0.75390625,0.75390625,0.244140625,False
16qam-snr20-fg100-short,215,block8_cma_godard_with_z,0.76171875,0.76171875,0.248046875,False
16qam-snr20-fg100-short,215,block16_cma_godard_with_z,0.76171875,0.76171875,0.248046875,False
16qam-snr20-fg100-short,215,sliding_window_recursive_cma,0.76171875,0.76171875,0.248046875,False
16qam-snr20-fg100-short,215,oracle_affine_bound_KILL_ONLY,0.0703125,0.0703125,0.0185546875,False
16qam-snr20-fg100-short,216,block64_cma_mu0p03,0.0,0.0,0.0,False
16qam-snr20-fg100-short,216,persymbol_cma_godard_with_z,0.0,0.0,0.0,False
16qam-snr20-fg100-short,216,block8_cma_godard_with_z,0.0,0.0,0.0,False
16qam-snr20-fg100-short,216,block16_cma_godard_with_z,0.0,0.0,0.0,False
16qam-snr20-fg100-short,216,sliding_window_recursive_cma,0.0,0.0,0.0,False
16qam-snr20-fg100-short,216,oracle_affine_bound_KILL_ONLY,0.01171875,0.01171875,0.0029296875,False
16qam-snr20-fg100-short,217,block64_cma_mu0p03,0.0,0.0,0.0,False
16qam-snr20-fg100-short,217,persymbol_cma_godard_with_z,0.0,0.0,0.0,False
16qam-snr20-fg100-short,217,block8_cma_godard_with_z,0.0,0.0,0.0,False
16qam-snr20-fg100-short,217,block16_cma_godard_with_z,0.0,0.0,0.0,False
16qam-snr20-fg100-short,217,sliding_window_recursive_cma,0.0,0.0,0.0,False
16qam-snr20-fg100-short,217,oracle_affine_bound_KILL_ONLY,0.0,0.0,0.0,False
16qam-snr20-fg100-short,218,block64_cma_mu0p03,0.73828125,0.73828125,0.251953125,False
16qam-snr20-fg100-short,218,persymbol_cma_godard_with_z,0.73828125,0.73828125,0.251953125,False
16qam-snr20-fg100-short,218,block8_cma_godard_with_z,0.73828125,0.73828125,0.251953125,False
16qam-snr20-fg100-short,218,block16_cma_godard_with_z,0.73828125,0.73828125,0.251953125,False
16qam-snr20-fg100-short,218,sliding_window_recursive_cma,0.73828125,0.73828125,0.251953125,False
16qam-snr20-fg100-short,218,oracle_affine_bound_KILL_ONLY,0.10546875,0.10546875,0.02734375,False
16qam-snr20-fg100-short,219,block64_cma_mu0p03,0.046875,0.046875,0.0126953125,False
16qam-snr20-fg100-short,219,persymbol_cma_godard_with_z,0.01171875,0.01171875,0.0029296875,False
16qam-snr20-fg100-short,219,block8_cma_godard_with_z,0.046875,0.046875,0.0126953125,False
16qam-snr20-fg100-short,219,block16_cma_godard_with_z,0.0546875,0.0546875,0.015625,False
16qam-snr20-fg100-short,219,sliding_window_recursive_cma,0.046875,0.046875,0.013671875,False
16qam-snr20-fg100-short,219,oracle_affine_bound_KILL_ONLY,0.0,0.0,0.0,False
16qam-snr20-fg100-short,220,block64_cma_mu0p03,0.0,0.0,0.0,False
16qam-snr20-fg100-short,220,persymbol_cma_godard_with_z,0.0,0.0,0.0,False
16qam-snr20-fg100-short,220,block8_cma_godard_with_z,0.0,0.0,0.0,False
16qam-snr20-fg100-short,220,block16_cma_godard_with_z,0.0,0.0,0.0,False
16qam-snr20-fg100-short,220,sliding_window_recursive_cma,0.0,0.0,0.0,False
16qam-snr20-fg100-short,220,oracle_affine_bound_KILL_ONLY,0.0,0.0,0.0,False
16qam-snr10-fg100-long,201,block64_cma_mu0p03,0.328125,0.328125,0.09375,False
16qam-snr10-fg100-long,201,persymbol_cma_godard_with_z,0.078125,0.078125,0.01953125,False
16qam-snr10-fg100-long,201,block8_cma_godard_with_z,0.015625,0.015625,0.00390625,False
16qam-snr10-fg100-long,201,block16_cma_godard_with_z,0.0078125,0.0078125,0.001953125,False
16qam-snr10-fg100-long,201,sliding_window_recursive_cma,0.0078125,0.0078125,0.001953125,False
16qam-snr10-fg100-long,201,oracle_affine_bound_KILL_ONLY,0.35546875,0.35546875,0.103515625,False
16qam-snr10-fg100-long,202,block64_cma_mu0p03,0.90625,0.90625,0.44140625,False
16qam-snr10-fg100-long,202,persymbol_cma_godard_with_z,0.08984375,0.08984375,0.0224609375,False
16qam-snr10-fg100-long,202,block8_cma_godard_with_z,0.0234375,0.0234375,0.005859375,False
16qam-snr10-fg100-long,202,block16_cma_godard_with_z,0.015625,0.015625,0.00390625,False
16qam-snr10-fg100-long,202,sliding_window_recursive_cma,0.015625,0.015625,0.00390625,False
16qam-snr10-fg100-long,202,oracle_affine_bound_KILL_ONLY,0.9140625,0.9140625,0.4228515625,False
16qam-snr10-fg100-long,203,block64_cma_mu0p03,0.28515625,0.28515625,0.080078125,False
16qam-snr10-fg100-long,203,persymbol_cma_godard_with_z,0.328125,0.328125,0.091796875,False
16qam-snr10-fg100-long,203,block8_cma_godard_with_z,0.2890625,0.2890625,0.08203125,False
16qam-snr10-fg100-long,203,block16_cma_godard_with_z,0.28515625,0.28515625,0.080078125,False
16qam-snr10-fg100-long,203,sliding_window_recursive_cma,0.2890625,0.2890625,0.08203125,False
16qam-snr10-fg100-long,203,oracle_affine_bound_KILL_ONLY,0.29296875,0.29296875,0.08203125,False
16qam-snr10-fg100-long,204,block64_cma_mu0p03,0.0546875,0.0546875,0.013671875,False
16qam-snr10-fg100-long,204,persymbol_cma_godard_with_z,0.08984375,0.08984375,0.0224609375,False
16qam-snr10-fg100-long,204,block8_cma_godard_with_z,0.05859375,0.05859375,0.0146484375,False
16qam-snr10-fg100-long,204,block16_cma_godard_with_z,0.06640625,0.06640625,0.0166015625,False
16qam-snr10-fg100-long,204,sliding_window_recursive_cma,0.0625,0.0625,0.015625,False
16qam-snr10-fg100-long,204,oracle_affine_bound_KILL_ONLY,0.0703125,0.0703125,0.017578125,False
16qam-snr10-fg100-long,205,block64_cma_mu0p03,0.25390625,0.25390625,0.064453125,False
16qam-snr10-fg100-long,205,persymbol_cma_godard_with_z,0.2734375,0.2734375,0.0712890625,False
16qam-snr10-fg100-long,205,block8_cma_godard_with_z,0.25390625,0.25390625,0.064453125,False
16qam-snr10-fg100-long,205,block16_cma_godard_with_z,0.25,0.25,0.0634765625,False
16qam-snr10-fg100-long,205,sliding_window_recursive_cma,0.25390625,0.25390625,0.064453125,False
16qam-snr10-fg100-long,205,oracle_affine_bound_KILL_ONLY,0.26953125,0.26953125,0.0693359375,False
16qam-snr10-fg100-long,206,block64_cma_mu0p03,0.26953125,0.26953125,0.0712890625,False
16qam-snr10-fg100-long,206,persymbol_cma_godard_with_z,0.2734375,0.2734375,0.07421875,False
16qam-snr10-fg100-long,206,block8_cma_godard_with_z,0.26171875,0.26171875,0.0693359375,False
16qam-snr10-fg100-long,206,block16_cma_godard_with_z,0.2578125,0.2578125,0.0673828125,False
16qam-snr10-fg100-long,206,sliding_window_recursive_cma,0.26171875,0.26171875,0.0693359375,False
16qam-snr10-fg100-long,206,oracle_affine_bound_KILL_ONLY,0.27734375,0.27734375,0.076171875,False
16qam-snr10-fg100-long,207,block64_cma_mu0p03,0.43359375,0.43359375,0.1240234375,False
16qam-snr10-fg100-long,207,persymbol_cma_godard_with_z,0.4453125,0.4453125,0.1279296875,False
16qam-snr10-fg100-long,207,block8_cma_godard_with_z,0.44140625,0.44140625,0.1259765625,False
16qam-snr10-fg100-long,207,block16_cma_godard_with_z,0.4609375,0.4609375,0.1337890625,False
16qam-snr10-fg100-long,207,sliding_window_recursive_cma,0.4453125,0.4453125,0.1279296875,False
16qam-snr10-fg100-long,207,oracle_affine_bound_KILL_ONLY,0.43359375,0.43359375,0.125,False
16qam-snr10-fg100-long,208,block64_cma_mu0p03,0.7265625,0.7265625,0.251953125,False
16qam-snr10-fg100-long,208,persymbol_cma_godard_with_z,0.7109375,0.7109375,0.240234375,False
16qam-snr10-fg100-long,208,block8_cma_godard_with_z,0.7265625,0.7265625,0.2568359375,False
16qam-snr10-fg100-long,208,block16_cma_godard_with_z,0.76171875,0.76171875,0.2734375,False
16qam-snr10-fg100-long,208,sliding_window_recursive_cma,0.7421875,0.7421875,0.2626953125,False
16qam-snr10-fg100-long,208,oracle_affine_bound_KILL_ONLY,0.71875,0.71875,0.2451171875,False
16qam-snr10-fg100-long,209,block64_cma_mu0p03,0.29296875,0.29296875,0.080078125,False
16qam-snr10-fg100-long,209,persymbol_cma_godard_with_z,0.28125,0.28125,0.0771484375,False
16qam-snr10-fg100-long,209,block8_cma_godard_with_z,0.28515625,0.28515625,0.0791015625,False
16qam-snr10-fg100-long,209,block16_cma_godard_with_z,0.28125,0.28125,0.076171875,False
16qam-snr10-fg100-long,209,sliding_window_recursive_cma,0.2890625,0.2890625,0.078125,False
16qam-snr10-fg100-long,209,oracle_affine_bound_KILL_ONLY,0.31640625,0.31640625,0.083984375,False
16qam-snr10-fg100-long,210,block64_cma_mu0p03,0.50390625,0.50390625,0.1474609375,False
16qam-snr10-fg100-long,210,persymbol_cma_godard_with_z,0.484375,0.484375,0.1416015625,False
16qam-snr10-fg100-long,210,block8_cma_godard_with_z,0.51953125,0.51953125,0.1533203125,False
16qam-snr10-fg100-long,210,block16_cma_godard_with_z,0.54296875,0.54296875,0.1611328125,False
16qam-snr10-fg100-long,210,sliding_window_recursive_cma,0.53515625,0.53515625,0.15625,False
16qam-snr10-fg100-long,210,oracle_affine_bound_KILL_ONLY,0.48828125,0.48828125,0.1416015625,False
16qam-snr10-fg100-long,211,block64_cma_mu0p03,0.359375,0.359375,0.10546875,False
16qam-snr10-fg100-long,211,persymbol_cma_godard_with_z,0.38671875,0.38671875,0.1142578125,False
16qam-snr10-fg100-long,211,block8_cma_godard_with_z,0.3515625,0.3515625,0.1025390625,False
16qam-snr10-fg100-long,211,block16_cma_godard_with_z,0.3671875,0.3671875,0.10546875,False
16qam-snr10-fg100-long,211,sliding_window_recursive_cma,0.35546875,0.35546875,0.103515625,False
16qam-snr10-fg100-long,211,oracle_affine_bound_KILL_ONLY,0.375,0.375,0.111328125,False
16qam-snr10-fg100-long,212,block64_cma_mu0p03,0.08984375,0.08984375,0.0224609375,False
16qam-snr10-fg100-long,212,persymbol_cma_godard_with_z,0.1015625,0.1015625,0.025390625,False
16qam-snr10-fg100-long,212,block8_cma_godard_with_z,0.0859375,0.0859375,0.021484375,False
16qam-snr10-fg100-long,212,block16_cma_godard_with_z,0.0859375,0.0859375,0.021484375,False
16qam-snr10-fg100-long,212,sliding_window_recursive_cma,0.07421875,0.07421875,0.0185546875,False
16qam-snr10-fg100-long,212,oracle_affine_bound_KILL_ONLY,0.1015625,0.1015625,0.025390625,False
16qam-snr10-fg100-long,213,block64_cma_mu0p03,0.046875,0.046875,0.01171875,False
16qam-snr10-fg100-long,213,persymbol_cma_godard_with_z,0.09375,0.09375,0.0234375,False
16qam-snr10-fg100-long,213,block8_cma_godard_with_z,0.02734375,0.02734375,0.0068359375,False
16qam-snr10-fg100-long,213,block16_cma_godard_with_z,0.02734375,0.02734375,0.0068359375,False
16qam-snr10-fg100-long,213,sliding_window_recursive_cma,0.0234375,0.0234375,0.005859375,False
16qam-snr10-fg100-long,213,oracle_affine_bound_KILL_ONLY,0.03515625,0.03515625,0.0087890625,False
16qam-snr10-fg100-long,214,block64_cma_mu0p03,0.02734375,0.02734375,0.0078125,False
16qam-snr10-fg100-long,214,persymbol_cma_godard_with_z,0.05078125,0.05078125,0.0126953125,False
16qam-snr10-fg100-long,214,block8_cma_godard_with_z,0.03125,0.03125,0.0078125,False
16qam-snr10-fg100-long,214,block16_cma_godard_with_z,0.0234375,0.0234375,0.005859375,False
16qam-snr10-fg100-long,214,sliding_window_recursive_cma,0.0234375,0.0234375,0.005859375,False
16qam-snr10-fg100-long,214,oracle_affine_bound_KILL_ONLY,0.04296875,0.04296875,0.01171875,False
16qam-snr10-fg100-long,215,block64_cma_mu0p03,0.10546875,0.10546875,0.02734375,False
16qam-snr10-fg100-long,215,persymbol_cma_godard_with_z,0.1171875,0.1171875,0.0302734375,False
16qam-snr10-fg100-long,215,block8_cma_godard_with_z,0.09375,0.09375,0.0244140625,False
16qam-snr10-fg100-long,215,block16_cma_godard_with_z,0.09375,0.09375,0.0244140625,False
16qam-snr10-fg100-long,215,sliding_window_recursive_cma,0.09375,0.09375,0.0244140625,False
16qam-snr10-fg100-long,215,oracle_affine_bound_KILL_ONLY,0.09375,0.09375,0.0244140625,False
16qam-snr10-fg100-long,216,block64_cma_mu0p03,0.140625,0.140625,0.0361328125,False
16qam-snr10-fg100-long,216,persymbol_cma_godard_with_z,0.1484375,0.1484375,0.0380859375,False
16qam-snr10-fg100-long,216,block8_cma_godard_with_z,0.1328125,0.1328125,0.0341796875,False
16qam-snr10-fg100-long,216,block16_cma_godard_with_z,0.140625,0.140625,0.03515625,False
16qam-snr10-fg100-long,216,sliding_window_recursive_cma,0.12890625,0.12890625,0.033203125,False
16qam-snr10-fg100-long,216,oracle_affine_bound_KILL_ONLY,0.16015625,0.16015625,0.0400390625,False
16qam-snr10-fg100-long,217,block64_cma_mu0p03,0.359375,0.359375,0.0966796875,False
16qam-snr10-fg100-long,217,persymbol_cma_godard_with_z,0.37109375,0.37109375,0.1015625,False
16qam-snr10-fg100-long,217,block8_cma_godard_with_z,0.3515625,0.3515625,0.0947265625,False
16qam-snr10-fg100-long,217,block16_cma_godard_with_z,0.34375,0.34375,0.09375,False
16qam-snr10-fg100-long,217,sliding_window_recursive_cma,0.3515625,0.3515625,0.0947265625,False
16qam-snr10-fg100-long,217,oracle_affine_bound_KILL_ONLY,0.3671875,0.3671875,0.099609375,False
16qam-snr10-fg100-long,218,block64_cma_mu0p03,0.6640625,0.6640625,0.224609375,False
16qam-snr10-fg100-long,218,persymbol_cma_godard_with_z,0.625,0.625,0.203125,False
16qam-snr10-fg100-long,218,block8_cma_godard_with_z,0.6796875,0.6796875,0.2294921875,False
16qam-snr10-fg100-long,218,block16_cma_godard_with_z,0.71484375,0.71484375,0.2470703125,False
16qam-snr10-fg100-long,218,sliding_window_recursive_cma,0.69140625,0.69140625,0.234375,False
16qam-snr10-fg100-long,218,oracle_affine_bound_KILL_ONLY,0.58203125,0.58203125,0.185546875,False
16qam-snr10-fg100-long,219,block64_cma_mu0p03,0.25,0.25,0.064453125,False
16qam-snr10-fg100-long,219,persymbol_cma_godard_with_z,0.2734375,0.2734375,0.0712890625,False
16qam-snr10-fg100-long,219,block8_cma_godard_with_z,0.24609375,0.24609375,0.0634765625,False
16qam-snr10-fg100-long,219,block16_cma_godard_with_z,0.23046875,0.23046875,0.060546875,False
16qam-snr10-fg100-long,219,sliding_window_recursive_cma,0.23828125,0.23828125,0.0615234375,False
16qam-snr10-fg100-long,219,oracle_affine_bound_KILL_ONLY,0.265625,0.265625,0.0693359375,False
16qam-snr10-fg100-long,220,block64_cma_mu0p03,0.4453125,0.4453125,0.1318359375,False
16qam-snr10-fg100-long,220,persymbol_cma_godard_with_z,0.4375,0.4375,0.1279296875,False
16qam-snr10-fg100-long,220,block8_cma_godard_with_z,0.44140625,0.44140625,0.1328125,False
16qam-snr10-fg100-long,220,block16_cma_godard_with_z,0.4609375,0.4609375,0.1416015625,False
16qam-snr10-fg100-long,220,sliding_window_recursive_cma,0.44921875,0.44921875,0.134765625,False
16qam-snr10-fg100-long,220,oracle_affine_bound_KILL_ONLY,0.44921875,0.44921875,0.134765625,False
16qam-snr15-fg1000-long,201,block64_cma_mu0p03,0.20703125,0.20703125,0.0595703125,False
16qam-snr15-fg1000-long,201,persymbol_cma_godard_with_z,0.015625,0.015625,0.00390625,False
16qam-snr15-fg1000-long,201,block8_cma_godard_with_z,0.0,0.0,0.0,False
16qam-snr15-fg1000-long,201,block16_cma_godard_with_z,0.0,0.0,0.0,False
16qam-snr15-fg1000-long,201,sliding_window_recursive_cma,0.0,0.0,0.0,False
16qam-snr15-fg1000-long,201,oracle_affine_bound_KILL_ONLY,0.20703125,0.20703125,0.0556640625,False
16qam-snr15-fg1000-long,202,block64_cma_mu0p03,0.91796875,0.91796875,0.439453125,False
16qam-snr15-fg1000-long,202,persymbol_cma_godard_with_z,0.03125,0.03125,0.0078125,False
16qam-snr15-fg1000-long,202,block8_cma_godard_with_z,0.0078125,0.0078125,0.001953125,False
16qam-snr15-fg1000-long,202,block16_cma_godard_with_z,0.0,0.0,0.0,False
16qam-snr15-fg1000-long,202,sliding_window_recursive_cma,0.00390625,0.00390625,0.0009765625,False
16qam-snr15-fg1000-long,202,oracle_affine_bound_KILL_ONLY,0.86328125,0.86328125,0.4013671875,False
16qam-snr15-fg1000-long,203,block64_cma_mu0p03,0.04296875,0.04296875,0.0107421875,False
16qam-snr15-fg1000-long,203,persymbol_cma_godard_with_z,0.046875,0.046875,0.01171875,False
16qam-snr15-fg1000-long,203,block8_cma_godard_with_z,0.046875,0.046875,0.01171875,False
16qam-snr15-fg1000-long,203,block16_cma_godard_with_z,0.0546875,0.0546875,0.013671875,False
16qam-snr15-fg1000-long,203,sliding_window_recursive_cma,0.05078125,0.05078125,0.0126953125,False
16qam-snr15-fg1000-long,203,oracle_affine_bound_KILL_ONLY,0.046875,0.046875,0.01171875,False
16qam-snr15-fg1000-long,204,block64_cma_mu0p03,0.0,0.0,0.0,False
16qam-snr15-fg1000-long,204,persymbol_cma_godard_with_z,0.0078125,0.0078125,0.001953125,False
16qam-snr15-fg1000-long,204,block8_cma_godard_with_z,0.0,0.0,0.0,False
16qam-snr15-fg1000-long,204,block16_cma_godard_with_z,0.0,0.0,0.0,False
16qam-snr15-fg1000-long,204,sliding_window_recursive_cma,0.0,0.0,0.0,False
16qam-snr15-fg1000-long,204,oracle_affine_bound_KILL_ONLY,0.0,0.0,0.0,False
16qam-snr15-fg1000-long,205,block64_cma_mu0p03,0.01953125,0.01953125,0.0048828125,False
16qam-snr15-fg1000-long,205,persymbol_cma_godard_with_z,0.02734375,0.02734375,0.0068359375,False
16qam-snr15-fg1000-long,205,block8_cma_godard_with_z,0.01953125,0.01953125,0.0048828125,False
16qam-snr15-fg1000-long,205,block16_cma_godard_with_z,0.01953125,0.01953125,0.0048828125,False
16qam-snr15-fg1000-long,205,sliding_window_recursive_cma,0.01953125,0.01953125,0.0048828125,False
16qam-snr15-fg1000-long,205,oracle_affine_bound_KILL_ONLY,0.015625,0.015625,0.00390625,False
16qam-snr15-fg1000-long,206,block64_cma_mu0p03,0.00390625,0.00390625,0.0009765625,False
16qam-snr15-fg1000-long,206,persymbol_cma_godard_with_z,0.01171875,0.01171875,0.0029296875,False
16qam-snr15-fg1000-long,206,block8_cma_godard_with_z,0.0078125,0.0078125,0.001953125,False
16qam-snr15-fg1000-long,206,block16_cma_godard_with_z,0.00390625,0.00390625,0.0009765625,False
16qam-snr15-fg1000-long,206,sliding_window_recursive_cma,0.0078125,0.0078125,0.001953125,False
16qam-snr15-fg1000-long,206,oracle_affine_bound_KILL_ONLY,0.01953125,0.01953125,0.0048828125,False
16qam-snr15-fg1000-long,207,block64_cma_mu0p03,0.1171875,0.1171875,0.03125,False
16qam-snr15-fg1000-long,207,persymbol_cma_godard_with_z,0.1015625,0.1015625,0.02734375,False
16qam-snr15-fg1000-long,207,block8_cma_godard_with_z,0.12109375,0.12109375,0.0322265625,False
16qam-snr15-fg1000-long,207,block16_cma_godard_with_z,0.16796875,0.16796875,0.0439453125,False
16qam-snr15-fg1000-long,207,sliding_window_recursive_cma,0.12890625,0.12890625,0.0341796875,False
16qam-snr15-fg1000-long,207,oracle_affine_bound_KILL_ONLY,0.09765625,0.09765625,0.025390625,False
16qam-snr15-fg1000-long,208,block64_cma_mu0p03,0.578125,0.578125,0.1845703125,False
16qam-snr15-fg1000-long,208,persymbol_cma_godard_with_z,0.4375,0.4375,0.1318359375,False
16qam-snr15-fg1000-long,208,block8_cma_godard_with_z,0.60546875,0.60546875,0.197265625,False
16qam-snr15-fg1000-long,208,block16_cma_godard_with_z,0.68359375,0.68359375,0.23046875,False
16qam-snr15-fg1000-long,208,sliding_window_recursive_cma,0.63671875,0.63671875,0.2119140625,False
16qam-snr15-fg1000-long,208,oracle_affine_bound_KILL_ONLY,0.35546875,0.35546875,0.0966796875,False
16qam-snr15-fg1000-long,209,block64_cma_mu0p03,0.0625,0.0625,0.0166015625,False
16qam-snr15-fg1000-long,209,persymbol_cma_godard_with_z,0.078125,0.078125,0.0205078125,False
16qam-snr15-fg1000-long,209,block8_cma_godard_with_z,0.06640625,0.06640625,0.017578125,False
16qam-snr15-fg1000-long,209,block16_cma_godard_with_z,0.078125,0.078125,0.0205078125,False
16qam-snr15-fg1000-long,209,sliding_window_recursive_cma,0.06640625,0.06640625,0.017578125,False
16qam-snr15-fg1000-long,209,oracle_affine_bound_KILL_ONLY,0.078125,0.078125,0.01953125,False
16qam-snr15-fg1000-long,210,block64_cma_mu0p03,0.234375,0.234375,0.0654296875,False
16qam-snr15-fg1000-long,210,persymbol_cma_godard_with_z,0.18359375,0.18359375,0.05078125,False
16qam-snr15-fg1000-long,210,block8_cma_godard_with_z,0.25390625,0.25390625,0.072265625,False
16qam-snr15-fg1000-long,210,block16_cma_godard_with_z,0.34765625,0.34765625,0.1005859375,False
16qam-snr15-fg1000-long,210,sliding_window_recursive_cma,0.28515625,0.28515625,0.0810546875,False
16qam-snr15-fg1000-long,210,oracle_affine_bound_KILL_ONLY,0.15625,0.15625,0.0439453125,False
16qam-snr15-fg1000-long,211,block64_cma_mu0p03,0.09375,0.09375,0.0234375,False
16qam-snr15-fg1000-long,211,persymbol_cma_godard_with_z,0.109375,0.109375,0.02734375,False
16qam-snr15-fg1000-long,211,block8_cma_godard_with_z,0.09375,0.09375,0.0234375,False
16qam-snr15-fg1000-long,211,block16_cma_godard_with_z,0.109375,0.109375,0.0283203125,False
16qam-snr15-fg1000-long,211,sliding_window_recursive_cma,0.1015625,0.1015625,0.025390625,False
16qam-snr15-fg1000-long,211,oracle_affine_bound_KILL_ONLY,0.09765625,0.09765625,0.0244140625,False
16qam-snr15-fg1000-long,212,block64_cma_mu0p03,0.0,0.0,0.0,False
16qam-snr15-fg1000-long,212,persymbol_cma_godard_with_z,0.00390625,0.00390625,0.0009765625,False
16qam-snr15-fg1000-long,212,block8_cma_godard_with_z,0.0,0.0,0.0,False
16qam-snr15-fg1000-long,212,block16_cma_godard_with_z,0.0,0.0,0.0,False
16qam-snr15-fg1000-long,212,sliding_window_recursive_cma,0.0,0.0,0.0,False
16qam-snr15-fg1000-long,212,oracle_affine_bound_KILL_ONLY,0.00390625,0.00390625,0.0009765625,False
16qam-snr15-fg1000-long,213,block64_cma_mu0p03,0.00390625,0.00390625,0.0009765625,False
16qam-snr15-fg1000-long,213,persymbol_cma_godard_with_z,0.0078125,0.0078125,0.001953125,False
16qam-snr15-fg1000-long,213,block8_cma_godard_with_z,0.0,0.0,0.0,False
16qam-snr15-fg1000-long,213,block16_cma_godard_with_z,0.0,0.0,0.0,False
16qam-snr15-fg1000-long,213,sliding_window_recursive_cma,0.0,0.0,0.0,False
16qam-snr15-fg1000-long,213,oracle_affine_bound_KILL_ONLY,0.0,0.0,0.0,False
16qam-snr15-fg1000-long,214,block64_cma_mu0p03,0.0,0.0,0.0,False
16qam-snr15-fg1000-long,214,persymbol_cma_godard_with_z,0.0,0.0,0.0,False
16qam-snr15-fg1000-long,214,block8_cma_godard_with_z,0.0,0.0,0.0,False
16qam-snr15-fg1000-long,214,block16_cma_godard_with_z,0.0,0.0,0.0,False
16qam-snr15-fg1000-long,214,sliding_window_recursive_cma,0.0,0.0,0.0,False
16qam-snr15-fg1000-long,214,oracle_affine_bound_KILL_ONLY,0.0,0.0,0.0,False
16qam-snr15-fg1000-long,215,block64_cma_mu0p03,0.0078125,0.0078125,0.001953125,False
16qam-snr15-fg1000-long,215,persymbol_cma_godard_with_z,0.01953125,0.01953125,0.0048828125,False
16qam-snr15-fg1000-long,215,block8_cma_godard_with_z,0.00390625,0.00390625,0.0009765625,False
16qam-snr15-fg1000-long,215,block16_cma_godard_with_z,0.00390625,0.00390625,0.0009765625,False
16qam-snr15-fg1000-long,215,sliding_window_recursive_cma,0.00390625,0.00390625,0.0009765625,False
16qam-snr15-fg1000-long,215,oracle_affine_bound_KILL_ONLY,0.0078125,0.0078125,0.001953125,False
16qam-snr15-fg1000-long,216,block64_cma_mu0p03,0.0,0.0,0.0,False
16qam-snr15-fg1000-long,216,persymbol_cma_godard_with_z,0.00390625,0.00390625,0.0009765625,False
16qam-snr15-fg1000-long,216,block8_cma_godard_with_z,0.0,0.0,0.0,False
16qam-snr15-fg1000-long,216,block16_cma_godard_with_z,0.0,0.0,0.0,False
16qam-snr15-fg1000-long,216,sliding_window_recursive_cma,0.0,0.0,0.0,False
16qam-snr15-fg1000-long,216,oracle_affine_bound_KILL_ONLY,0.00390625,0.00390625,0.0009765625,False
16qam-snr15-fg1000-long,217,block64_cma_mu0p03,0.06640625,0.06640625,0.0166015625,False
16qam-snr15-fg1000-long,217,persymbol_cma_godard_with_z,0.06640625,0.06640625,0.0166015625,False
16qam-snr15-fg1000-long,217,block8_cma_godard_with_z,0.0703125,0.0703125,0.017578125,False
16qam-snr15-fg1000-long,217,block16_cma_godard_with_z,0.0703125,0.0703125,0.017578125,False
16qam-snr15-fg1000-long,217,sliding_window_recursive_cma,0.0625,0.0625,0.015625,False
16qam-snr15-fg1000-long,217,oracle_affine_bound_KILL_ONLY,0.05859375,0.05859375,0.0146484375,False
16qam-snr15-fg1000-long,218,block64_cma_mu0p03,0.68359375,0.68359375,0.220703125,False
16qam-snr15-fg1000-long,218,persymbol_cma_godard_with_z,0.515625,0.515625,0.1484375,False
16qam-snr15-fg1000-long,218,block8_cma_godard_with_z,0.69921875,0.69921875,0.232421875,False
16qam-snr15-fg1000-long,218,block16_cma_godard_with_z,0.75,0.75,0.2529296875,False
16qam-snr15-fg1000-long,218,sliding_window_recursive_cma,0.70703125,0.70703125,0.2373046875,False
16qam-snr15-fg1000-long,218,oracle_affine_bound_KILL_ONLY,0.34375,0.34375,0.091796875,False
16qam-snr15-fg1000-long,219,block64_cma_mu0p03,0.01171875,0.01171875,0.0029296875,False
16qam-snr15-fg1000-long,219,persymbol_cma_godard_with_z,0.01953125,0.01953125,0.0048828125,False
16qam-snr15-fg1000-long,219,block8_cma_godard_with_z,0.01171875,0.01171875,0.0029296875,False
16qam-snr15-fg1000-long,219,block16_cma_godard_with_z,0.0078125,0.0078125,0.001953125,False
16qam-snr15-fg1000-long,219,sliding_window_recursive_cma,0.0078125,0.0078125,0.001953125,False
16qam-snr15-fg1000-long,219,oracle_affine_bound_KILL_ONLY,0.01171875,0.01171875,0.0029296875,False
16qam-snr15-fg1000-long,220,block64_cma_mu0p03,0.1015625,0.1015625,0.02734375,False
16qam-snr15-fg1000-long,220,persymbol_cma_godard_with_z,0.12109375,0.12109375,0.03125,False
16qam-snr15-fg1000-long,220,block8_cma_godard_with_z,0.109375,0.109375,0.029296875,False
16qam-snr15-fg1000-long,220,block16_cma_godard_with_z,0.14453125,0.14453125,0.0380859375,False
16qam-snr15-fg1000-long,220,sliding_window_recursive_cma,0.12109375,0.12109375,0.0322265625,False
16qam-snr15-fg1000-long,220,oracle_affine_bound_KILL_ONLY,0.12109375,0.12109375,0.0322265625,False
