scene,n_pilots,snr_db,method_code,method_name,method_parameter,errors,bits,ber_jeffreys,latent_clusters,cell_kind
weak,2,5,B0,普通 LS,,1162066,4194304,0.27705817769570884,128,primary
weak,2,5,B2_TUNED,调参奇异值下限,1,1114755,4194304,0.26577835898915314,128,primary
weak,2,5,C4_FWD,前向误差尺度,,1060557,4194304,0.25285655191980555,128,primary
weak,2,5,B3_PSC,导频重构尺度,1,1067449,4194304,0.25449973237520879,128,primary
weak,2,5,O1,理想 CSI 参考,,810031,4194304,0.19312651321255847,128,primary
weak,2,7,B0,普通 LS,,940328,4194304,0.22419173140722956,128,primary
weak,2,7,B2_TUNED,调参奇异值下限,1,908222,4194304,0.21653706633160916,128,primary
weak,2,7,C4_FWD,前向误差尺度,,842120,4194304,0.20077712517330046,128,primary
weak,2,7,B3_PSC,导频重构尺度,1,850525,4194304,0.20278103285288027,128,primary
weak,2,7,O1,理想 CSI 参考,,612383,4194304,0.1460035691252782,128,primary
weak,2,9,B0,普通 LS,,719151,4194304,0.17145903790973713,128,primary
weak,2,9,B2_TUNED,调参奇异值下限,1,699973,4194304,0.1668866474898702,128,primary
weak,2,9,C4_FWD,前向误差尺度,,629705,4194304,0.15013345476783399,128,primary
weak,2,9,B3_PSC,导频重构尺度,1,637477,4194304,0.15198644352282439,128,primary
weak,2,9,O1,理想 CSI 参考,,433048,4194304,0.10324678343611159,128,primary
weak,2,11,B0,普通 LS,,513899,4194304,0.12252315937920585,128,primary
weak,2,11,B2_TUNED,调参奇异值下限,1,500875,4194304,0.11941799654531561,128,primary
weak,2,11,C4_FWD,前向误差尺度,,437387,4194304,0.10428128140418973,128,primary
weak,2,11,B3_PSC,导频重构尺度,1,442779,4194304,0.10556683407620571,128,primary
weak,2,11,O1,理想 CSI 参考,,284044,4194304,0.067721469945557125,128,primary
weak,2,13,B0,普通 LS,,338751,4194304,0.080764632042734139,128,primary
weak,2,13,B2_TUNED,调参奇异值下限,1,325554,4194304,0.077618222804493237,128,primary
weak,2,13,C4_FWD,前向误差尺度,,279176,4194304,0.066560848579204426,128,primary
weak,2,13,B3_PSC,导频重构尺度,1,282311,4194304,0.067308290646483748,128,primary
weak,2,13,O1,理想 CSI 参考,,172202,4194304,0.041056265579160311,128,primary
weak,2,15,B0,普通 LS,,204682,4194304,0.048800099182105261,128,primary
weak,2,15,B2_TUNED,调参奇异值下限,1,189857,4194304,0.04526554458962808,128,primary
weak,2,15,C4_FWD,前向误差尺度,,163125,4194304,0.038892140652623024,128,primary
weak,2,15,B3_PSC,导频重构尺度,1,164565,4194304,0.039235463324674764,128,primary
weak,2,15,O1,理想 CSI 参考,,96871,4194304,0.023095959878931073,128,primary
weak,2,17,B0,普通 LS,,113678,4194304,0.027103059982523922,128,primary
weak,2,17,B2_TUNED,调参奇异值下限,1,98312,4194304,0.023439520969505079,128,primary
weak,2,17,C4_FWD,前向误差尺度,,86918,4194304,0.020722980326895638,128,primary
weak,2,17,B3_PSC,导频重构尺度,1,87372,4194304,0.020831222336000838,128,primary
weak,2,17,O1,理想 CSI 参考,,48636,4194304,0.011595842457808862,128,primary
weak,2,19,B0,普通 LS,,56927,4194304,0.013572570425851244,128,primary
weak,2,19,B2_TUNED,调参奇异值下限,1,44358,4194304,0.010575888019588467,128,primary
weak,2,19,C4_FWD,前向误差尺度,,41008,4194304,0.0097771859700236385,128,primary
weak,2,19,B3_PSC,导频重构尺度,1,41129,4194304,0.0098060346112168757,128,primary
weak,2,19,O1,理想 CSI 参考,,20637,4194304,0.0049203622531027186,128,primary
weak,2,21,B0,普通 LS,,24664,4194304,0.0058804736422363177,128,primary
weak,2,21,B2_TUNED,调参奇异值下限,1,17051,4194304,0.004065393432284967,128,primary
weak,2,21,C4_FWD,前向误差尺度,,16315,4194304,0.0038899173999029637,128,primary
weak,2,21,B3_PSC,导频重构尺度,1,16346,4194304,0.0038973083740929666,128,primary
weak,2,21,O1,理想 CSI 参考,,6966,4194304,0.001660942635311452,128,primary
weak,2,23,B0,普通 LS,,8746,4194304,0.0020853276049309717,128,primary
weak,2,23,B2_TUNED,调参奇异值下限,1,5425,4194304,0.0012935396925116318,128,primary
weak,2,23,C4_FWD,前向误差尺度,,5325,4194304,0.0012696978402858162,128,primary
weak,2,23,B3_PSC,导频重构尺度,1,5328,4194304,0.0012704130958525906,128,primary
weak,2,23,O1,理想 CSI 参考,,1880,4194304,0.00044834603110646459,128,primary
weak,2,25,B0,普通 LS,,2397,4194304,0.0005716084071139319,128,primary
weak,2,25,B2_TUNED,调参奇异值下限,1,1393,4194304,0.00033223621076674203,128,primary
weak,2,25,C4_FWD,前向误差尺度,,1392,4194304,0.00033199779224448388,128,primary
weak,2,25,B3_PSC,导频重构尺度,1,1392,4194304,0.00033199779224448388,128,primary
weak,2,25,O1,理想 CSI 参考,,457,4194304,0.00010907647393310691,128,primary
weak,2,27,B0,普通 LS,,490,4194304,0.0001169442851676261,128,primary
weak,2,27,B2_TUNED,调参奇异值下限,1,317,4194304,7.5697880816964902e-05,128,primary
weak,2,27,C4_FWD,前向误差尺度,,317,4194304,7.5697880816964902e-05,128,primary
weak,2,27,B3_PSC,导频重构尺度,1,317,4194304,7.5697880816964902e-05,128,primary
weak,2,27,O1,理想 CSI 参考,,96,4194304,2.3007387397912169e-05,128,primary
weak,2,29,B0,普通 LS,,78,4194304,1.871585399726534e-05,128,primary
weak,2,29,B2_TUNED,调参奇异值下限,1,57,4194304,1.3709065029844039e-05,128,primary
weak,2,29,C4_FWD,前向误差尺度,,57,4194304,1.3709065029844039e-05,128,primary
weak,2,29,B3_PSC,导频重构尺度,1,57,4194304,1.3709065029844039e-05,128,primary
weak,2,29,O1,理想 CSI 参考,,8,4194304,2.0265574391943361e-06,128,primary
weak,2,31,B0,普通 LS,,4,4194304,1.0728833501617074e-06,128,primary
weak,2,31,B2_TUNED,调参奇异值下限,1,2,4194304,5.9604630564539298e-07,128,primary
weak,2,31,C4_FWD,前向误差尺度,,2,4194304,5.9604630564539298e-07,128,primary
weak,2,31,B3_PSC,导频重构尺度,1,2,4194304,5.9604630564539298e-07,128,primary
weak,2,31,O1,理想 CSI 参考,,0,4194304,1.192092611290786e-07,128,primary
weak,2,33,B0,普通 LS,,0,4194304,1.192092611290786e-07,128,primary
weak,2,33,B2_TUNED,调参奇异值下限,1,0,4194304,1.192092611290786e-07,128,primary
weak,2,33,C4_FWD,前向误差尺度,,0,4194304,1.192092611290786e-07,128,primary
weak,2,33,B3_PSC,导频重构尺度,1,0,4194304,1.192092611290786e-07,128,primary
weak,2,33,O1,理想 CSI 参考,,0,4194304,1.192092611290786e-07,128,primary
weak,2,35,B0,普通 LS,,0,4194304,1.192092611290786e-07,128,primary
weak,2,35,B2_TUNED,调参奇异值下限,1,0,4194304,1.192092611290786e-07,128,primary
weak,2,35,C4_FWD,前向误差尺度,,0,4194304,1.192092611290786e-07,128,primary
weak,2,35,B3_PSC,导频重构尺度,1,0,4194304,1.192092611290786e-07,128,primary
weak,2,35,O1,理想 CSI 参考,,0,4194304,1.192092611290786e-07,128,primary
weak,2,37,B0,普通 LS,,0,4194304,1.192092611290786e-07,128,primary
weak,2,37,B2_TUNED,调参奇异值下限,1,0,4194304,1.192092611290786e-07,128,primary
weak,2,37,C4_FWD,前向误差尺度,,0,4194304,1.192092611290786e-07,128,primary
weak,2,37,B3_PSC,导频重构尺度,1,0,4194304,1.192092611290786e-07,128,primary
weak,2,37,O1,理想 CSI 参考,,0,4194304,1.192092611290786e-07,128,primary
weak,2,39,B0,普通 LS,,0,4194304,1.192092611290786e-07,128,primary
weak,2,39,B2_TUNED,调参奇异值下限,1,0,4194304,1.192092611290786e-07,128,primary
weak,2,39,C4_FWD,前向误差尺度,,0,4194304,1.192092611290786e-07,128,primary
weak,2,39,B3_PSC,导频重构尺度,1,0,4194304,1.192092611290786e-07,128,primary
weak,2,39,O1,理想 CSI 参考,,0,4194304,1.192092611290786e-07,128,primary
weak,2,41,B0,普通 LS,,0,4194304,1.192092611290786e-07,128,primary
weak,2,41,B2_TUNED,调参奇异值下限,1,0,4194304,1.192092611290786e-07,128,primary
weak,2,41,C4_FWD,前向误差尺度,,0,4194304,1.192092611290786e-07,128,primary
weak,2,41,B3_PSC,导频重构尺度,1,0,4194304,1.192092611290786e-07,128,primary
weak,2,41,O1,理想 CSI 参考,,0,4194304,1.192092611290786e-07,128,primary
moderate,2,5,B0,普通 LS,,1246160,4194304,0.29710774490648628,128,primary
moderate,2,5,B2_TUNED,调参奇异值下限,0.5,1216392,4194304,0.29001050233590547,128,primary
moderate,2,5,C4_FWD,前向误差尺度,,1160500,4194304,0.27668481428985253,128,primary
moderate,2,5,B3_PSC,导频重构尺度,1,1165560,4194304,0.27789121201247885,128,primary
moderate,2,5,O1,理想 CSI 参考,,904370,4194304,0.21561867818387076,128,primary
moderate,2,7,B0,普通 LS,,1040170,4194304,0.2479959135065285,128,primary
moderate,2,7,B2_TUNED,调参奇异值下限,0.5,1017579,4194304,0.24260980067019447,128,primary
moderate,2,7,C4_FWD,前向误差尺度,,953750,4194304,0.22739178481297856,128,primary
moderate,2,7,B3_PSC,导频重构尺度,1,961053,4194304,0.22913295528102987,128,primary
moderate,2,7,O1,理想 CSI 参考,,720607,4194304,0.17180617527814501,128,primary
moderate,2,9,B0,普通 LS,,833217,4194304,0.19865448506963609,128,primary
moderate,2,9,B2_TUNED,调参奇异值下限,0.5,815662,4194304,0.19446904791139413,128,primary
moderate,2,9,C4_FWD,前向误差尺度,,751198,4194304,0.1790996362925443,128,primary
moderate,2,9,B3_PSC,导频重构尺度,1,757999,4194304,0.18072112066242202,128,primary
moderate,2,9,O1,理想 CSI 参考,,548127,4194304,0.13068374855905807,128,primary
moderate,2,11,B0,普通 LS,,637119,4194304,0.15190108969185598,128,primary
moderate,2,11,B2_TUNED,调参奇异值下限,0.5,625501,4194304,0.1491311433002607,128,primary
moderate,2,11,C4_FWD,前向误差尺度,,563413,4194304,0.13432821409029624,128,primary
moderate,2,11,B3_PSC,导频重构尺度,1,569247,4194304,0.13571914774915034,128,primary
moderate,2,11,O1,理想 CSI 参考,,395830,4194304,0.094373322874707496,128,primary
moderate,2,13,B0,普通 LS,,462300,4194304,0.11022100204920719,128,primary
moderate,2,13,B2_TUNED,调参奇异值下限,0.5,455677,4194304,0.10864195617629142,128,primary
moderate,2,13,C4_FWD,前向误差尺度,,400568,4194304,0.095502949833166637,128,primary
moderate,2,13,B3_PSC,导频重构尺度,1,405422,4194304,0.096660233340207735,128,primary
moderate,2,13,O1,理想 CSI 参考,,269926,4194304,0.064355477248316473,128,primary
moderate,2,15,B0,普通 LS,,316580,4194304,0.075478654985748531,128,primary
moderate,2,15,B2_TUNED,调参奇异值下限,0.5,315122,4194304,0.075131040780296143,128,primary
moderate,2,15,C4_FWD,前向误差尺度,,267573,4194304,0.063794478465443019,128,primary
moderate,2,15,B3_PSC,导频重构尺度,1,270910,4194304,0.0645900810742185,128,primary
moderate,2,15,O1,理想 CSI 参考,,174256,4194304,0.041545977223878566,128,primary
moderate,2,17,B0,普通 LS,,203115,4194304,0.048426497357726729,128,primary
moderate,2,17,B2_TUNED,调参奇异值下限,0.5,203091,4194304,0.048420775313192534,128,primary
moderate,2,17,C4_FWD,前向误差尺度,,166333,4194304,0.03965698727202719,128,primary
moderate,2,17,B3_PSC,导频重构尺度,1,168166,4194304,0.040094008423326388,128,primary
moderate,2,17,O1,理想 CSI 参考,,105780,4194304,0.025220030493728996,128,primary
moderate,2,19,B0,普通 LS,,121070,4194304,0.028865449699056221,128,primary
moderate,2,19,B2_TUNED,调参奇异值下限,0.5,121070,4194304,0.028865449699056221,128,primary
moderate,2,19,C4_FWD,前向误差尺度,,96095,4194304,0.022910947105658743,128,primary
moderate,2,19,B3_PSC,导频重构尺度,1,96791,4194304,0.023076886397150422,128,primary
moderate,2,19,O1,理想 CSI 参考,,59194,4194304,0.014113065215810485,128,primary
moderate,2,21,B0,普通 LS,,67029,4194304,0.015981074337703148,128,primary
moderate,2,21,B2_TUNED,调参奇异值下限,0.5,67029,4194304,0.015981074337703148,128,primary
moderate,2,21,C4_FWD,前向误差尺度,,51159,4194304,0.012197372389466193,128,primary
moderate,2,21,B3_PSC,导频重构尺度,1,51369,4194304,0.012247440279140405,128,primary
moderate,2,21,O1,理想 CSI 参考,,30690,4194304,0.0073171836573639737,128,primary
moderate,2,23,B0,普通 LS,,34138,4194304,0.0081392507221100998,128,primary
moderate,2,23,B2_TUNED,调参奇异值下限,0.5,34138,4194304,0.0081392507221100998,128,primary
moderate,2,23,C4_FWD,前向误差尺度,,24928,4194304,0.005943416132112472,128,primary
moderate,2,23,B3_PSC,导频重构尺度,1,24944,4194304,0.0059472308284686023,128,primary
moderate,2,23,O1,理想 CSI 参考,,14376,4194304,0.0034276238852443968,128,primary
moderate,2,25,B0,普通 LS,,15716,4194304,0.0037471047050703274,128,primary
moderate,2,25,B2_TUNED,调参奇异值下限,0.5,15716,4194304,0.0037471047050703274,128,primary
moderate,2,25,C4_FWD,前向误差尺度,,10999,4194304,0.0026224845355786001,128,primary
moderate,2,25,B3_PSC,导频重构尺度,1,10958,4194304,0.0026127093761660154,128,primary
moderate,2,25,O1,理想 CSI 参考,,6131,4194304,0.0014618631692258908,128,primary
moderate,2,27,B0,普通 LS,,6442,4194304,0.0015360113296481778,128,primary
moderate,2,27,B2_TUNED,调参奇异值下限,0.5,6442,4194304,0.0015360113296481778,128,primary
moderate,2,27,C4_FWD,前向误差尺度,,4336,4194304,0.0010339019217724987,128,primary
moderate,2,27,B3_PSC,导频重构尺度,1,4330,4194304,0.0010324714106389498,128,primary
moderate,2,27,O1,理想 CSI 参考,,2316,4194304,0.00055229650681102118,128,primary
moderate,2,29,B0,普通 LS,,2223,4194304,0.00053012358424101252,128,primary
moderate,2,29,B2_TUNED,调参奇异值下限,0.5,2223,4194304,0.00053012358424101252,128,primary
moderate,2,29,C4_FWD,前向误差尺度,,1450,4194304,0.00034582606653545703,128,primary
moderate,2,29,B3_PSC,导频重构尺度,1,1450,4194304,0.00034582606653545703,128,primary
moderate,2,29,O1,理想 CSI 参考,,790,4194304,0.00018846984184507325,128,primary
moderate,2,31,B0,普通 LS,,603,4194304,0.00014388557818279787,128,primary
moderate,2,31,B2_TUNED,调参奇异值下限,0.5,603,4194304,0.00014388557818279787,128,primary
moderate,2,31,C4_FWD,前向误差尺度,,411,4194304,9.8109221909231678e-05,128,primary
moderate,2,31,B3_PSC,导频重构尺度,1,411,4194304,9.8109221909231678e-05,128,primary
moderate,2,31,O1,理想 CSI 参考,,208,4194304,4.9710261890825774e-05,128,primary
moderate,2,33,B0,普通 LS,,116,4194304,2.7775757843075313e-05,128,primary
moderate,2,33,B2_TUNED,调参奇异值下限,0.5,116,4194304,2.7775757843075313e-05,128,primary
moderate,2,33,C4_FWD,前向误差尺度,,82,4194304,1.9669528086297968e-05,128,primary
moderate,2,33,B3_PSC,导频重构尺度,1,82,4194304,1.9669528086297968e-05,128,primary
moderate,2,33,O1,理想 CSI 参考,,33,4194304,7.9870204956482659e-06,128,primary
moderate,2,35,B0,普通 LS,,8,4194304,2.0265574391943361e-06,128,primary
moderate,2,35,B2_TUNED,调参奇异值下限,0.5,8,4194304,2.0265574391943361e-06,128,primary
moderate,2,35,C4_FWD,前向误差尺度,,9,4194304,2.2649759614524933e-06,128,primary
moderate,2,35,B3_PSC,导频重构尺度,1,9,4194304,2.2649759614524933e-06,128,primary
moderate,2,35,O1,理想 CSI 参考,,3,4194304,8.3446482790355017e-07,128,primary
moderate,2,37,B0,普通 LS,,0,4194304,1.192092611290786e-07,128,primary
moderate,2,37,B2_TUNED,调参奇异值下限,0.5,0,4194304,1.192092611290786e-07,128,primary
moderate,2,37,C4_FWD,前向误差尺度,,0,4194304,1.192092611290786e-07,128,primary
moderate,2,37,B3_PSC,导频重构尺度,1,0,4194304,1.192092611290786e-07,128,primary
moderate,2,37,O1,理想 CSI 参考,,0,4194304,1.192092611290786e-07,128,primary
moderate,2,39,B0,普通 LS,,0,4194304,1.192092611290786e-07,128,primary
moderate,2,39,B2_TUNED,调参奇异值下限,0.5,0,4194304,1.192092611290786e-07,128,primary
moderate,2,39,C4_FWD,前向误差尺度,,0,4194304,1.192092611290786e-07,128,primary
moderate,2,39,B3_PSC,导频重构尺度,1,0,4194304,1.192092611290786e-07,128,primary
moderate,2,39,O1,理想 CSI 参考,,0,4194304,1.192092611290786e-07,128,primary
moderate,2,41,B0,普通 LS,,0,4194304,1.192092611290786e-07,128,primary
moderate,2,41,B2_TUNED,调参奇异值下限,0.5,0,4194304,1.192092611290786e-07,128,primary
moderate,2,41,C4_FWD,前向误差尺度,,0,4194304,1.192092611290786e-07,128,primary
moderate,2,41,B3_PSC,导频重构尺度,1,0,4194304,1.192092611290786e-07,128,primary
moderate,2,41,O1,理想 CSI 参考,,0,4194304,1.192092611290786e-07,128,primary
moderate,4,5,B0,普通 LS,,1117007,4194304,0.26631527750127854,128,primary
moderate,4,5,B2_TUNED,调参奇异值下限,1,1071832,4194304,0.25554472075826629,128,primary
moderate,4,5,C4_FWD,前向误差尺度,,1051836,4194304,0.25077730398719217,128,primary
moderate,4,5,B3_PSC,导频重构尺度,1,1071918,4194304,0.25556522475118049,128,primary
moderate,4,5,O1,理想 CSI 参考,,904370,4194304,0.21561867818387076,128,primary
moderate,4,7,B0,普通 LS,,907446,4194304,0.21635205355833684,128,primary
moderate,4,7,B2_TUNED,调参奇异值下限,1,873794,4194304,0.20832879344730534,128,primary
moderate,4,7,C4_FWD,前向误差尺度,,847493,4194304,0.20205814789339355,128,primary
moderate,4,7,B3_PSC,导频重构尺度,1,866873,4194304,0.20667869885475662,128,primary
moderate,4,7,O1,理想 CSI 参考,,720607,4194304,0.17180617527814501,128,primary
moderate,4,9,B0,普通 LS,,709791,4194304,0.16922744054140079,128,primary
moderate,4,9,B2_TUNED,调参奇异值下限,1,683641,4194304,0.16299279618434998,128,primary
moderate,4,9,C4_FWD,前向误差尺度,,655301,4194304,0.1562360152635538,128,primary
moderate,4,9,B3_PSC,导频重构尺度,1,670991,4194304,0.15997680187778429,128,primary
moderate,4,9,O1,理想 CSI 参考,,548127,4194304,0.13068374855905807,128,primary
moderate,4,11,B0,普通 LS,,527982,4194304,0.12588080742816748,128,primary
moderate,4,11,B2_TUNED,调参奇异值下限,1,510477,4194304,0.12170729119603844,128,primary
moderate,4,11,C4_FWD,前向误差尺度,,481216,4194304,0.1147309268162425,128,primary
moderate,4,11,B3_PSC,导频重构尺度,1,493608,4194304,0.11768540914406558,128,primary
moderate,4,11,O1,理想 CSI 参考,,395830,4194304,0.094373322874707496,128,primary
moderate,4,13,B0,普通 LS,,371931,4194304,0.088675358611259789,128,primary
moderate,4,13,B2_TUNED,调参奇异值下限,1,359283,4194304,0.085659841141738621,128,primary
moderate,4,13,C4_FWD,前向误差尺度,,334254,4194304,0.079692463948139197,128,primary
moderate,4,13,B3_PSC,导频重构尺度,1,343142,4194304,0.081811527773969703,128,primary
moderate,4,13,O1,理想 CSI 参考,,269926,4194304,0.064355477248316473,128,primary
moderate,4,15,B0,普通 LS,,247942,4194304,0.059114084454993138,128,primary
moderate,4,15,B2_TUNED,调参奇异值下限,1,237354,4194304,0.056589709141323774,128,primary
moderate,4,15,C4_FWD,前向误差尺度,,219458,4194304,0.052322971266991793,128,primary
moderate,4,15,B3_PSC,导频重构尺度,1,224971,4194304,0.053637372580201008,128,primary
moderate,4,15,O1,理想 CSI 参考,,174256,4194304,0.041545977223878566,128,primary
moderate,4,17,B0,普通 LS,,155567,4194304,0.03709017346139587,128,primary
moderate,4,17,B2_TUNED,调参奇异值下限,1,146626,4194304,0.034958473453885683,128,primary
moderate,4,17,C4_FWD,前向误差尺度,,135357,4194304,0.03227173512655851,128,primary
moderate,4,17,B3_PSC,导频重构尺度,1,138361,4194304,0.032987944367422015,128,primary
moderate,4,17,O1,理想 CSI 参考,,105780,4194304,0.025220030493728996,128,primary
moderate,4,19,B0,普通 LS,,91006,4194304,0.021697635245886981,128,primary
moderate,4,19,B2_TUNED,调参奇异值下限,1,84266,4194304,0.020090694405867002,128,primary
moderate,4,19,C4_FWD,前向误差尺度,,77903,4194304,0.018573637348738348,128,primary
moderate,4,19,B3_PSC,导频重构尺度,1,79426,4194304,0.018936748758137521,128,primary
moderate,4,19,O1,理想 CSI 参考,,59194,4194304,0.014113065215810485,128,primary
moderate,4,21,B0,普通 LS,,49120,4194304,0.011711237022581811,128,primary
moderate,4,21,B2_TUNED,调参奇异值下限,1,44752,4194304,0.01066982491735818,128,primary
moderate,4,21,C4_FWD,前向误差尺度,,41498,4194304,0.0098940110459301359,128,primary
moderate,4,21,B3_PSC,导频重构尺度,1,42049,4194304,0.010025379651694382,128,primary
moderate,4,21,O1,理想 CSI 参考,,30690,4194304,0.0073171836573639737,128,primary
moderate,4,23,B0,普通 LS,,24365,4194304,0.0058091865040811293,128,primary
moderate,4,23,B2_TUNED,调参奇异值下限,1,21428,4194304,0.0051089513042089215,128,primary
moderate,4,23,C4_FWD,前向误差尺度,,20206,4194304,0.0048176038700094535,128,primary
moderate,4,23,B3_PSC,导频重构尺度,1,20355,4194304,0.0048531282298259187,128,primary
moderate,4,23,O1,理想 CSI 参考,,14376,4194304,0.0034276238852443968,128,primary
moderate,4,25,B0,普通 LS,,10976,4194304,0.0026170009095666624,128,primary
moderate,4,25,B2_TUNED,调参奇异值下限,1,9309,4194304,0.0022195572329623144,128,primary
moderate,4,25,C4_FWD,前向误差尺度,,9029,4194304,0.0021528000467300303,128,primary
moderate,4,25,B3_PSC,导频重构尺度,1,9031,4194304,0.0021532768837745466,128,primary
moderate,4,25,O1,理想 CSI 参考,,6131,4194304,0.0014618631692258908,128,primary
moderate,4,27,B0,普通 LS,,4439,4194304,0.0010584590295650888,128,primary
moderate,4,27,B2_TUNED,调参奇异值下限,1,3646,4194304,0.00086939314141437022,128,primary
moderate,4,27,C4_FWD,前向误差尺度,,3609,4194304,0.00086057165609081836,128,primary
moderate,4,27,B3_PSC,导频重构尺度,1,3613,4194304,0.00086152533017985105,128,primary
moderate,4,27,O1,理想 CSI 参考,,2316,4194304,0.00055229650681102118,128,primary
moderate,4,29,B0,普通 LS,,1645,4194304,0.00039231767837579764,128,primary
moderate,4,29,B2_TUNED,调参奇异值下限,1,1355,4194304,0.00032317630692093208,128,primary
moderate,4,29,C4_FWD,前向误差尺度,,1352,4194304,0.0003224610513541576,128,primary
moderate,4,29,B3_PSC,导频重构尺度,1,1352,4194304,0.0003224610513541576,128,primary
moderate,4,29,O1,理想 CSI 参考,,790,4194304,0.00018846984184507325,128,primary
moderate,4,31,B0,普通 LS,,484,4194304,0.00011551377403407715,128,primary
moderate,4,31,B2_TUNED,调参奇异值下限,1,402,4194304,9.5963455208908263e-05,128,primary
moderate,4,31,C4_FWD,前向误差尺度,,402,4194304,9.5963455208908263e-05,128,primary
moderate,4,31,B3_PSC,导频重构尺度,1,402,4194304,9.5963455208908263e-05,128,primary
moderate,4,31,O1,理想 CSI 参考,,208,4194304,4.9710261890825774e-05,128,primary
moderate,4,33,B0,普通 LS,,94,4194304,2.2530550353395855e-05,128,primary
moderate,4,33,B2_TUNED,调参奇异值下限,1,79,4194304,1.8954272519523497e-05,128,primary
moderate,4,33,C4_FWD,前向误差尺度,,79,4194304,1.8954272519523497e-05,128,primary
moderate,4,33,B3_PSC,导频重构尺度,1,79,4194304,1.8954272519523497e-05,128,primary
moderate,4,33,O1,理想 CSI 参考,,33,4194304,7.9870204956482659e-06,128,primary
moderate,4,35,B0,普通 LS,,11,4194304,2.7418130059688077e-06,128,primary
moderate,4,35,B2_TUNED,调参奇异值下限,1,10,4194304,2.5033944837106505e-06,128,primary
moderate,4,35,C4_FWD,前向误差尺度,,10,4194304,2.5033944837106505e-06,128,primary
moderate,4,35,B3_PSC,导频重构尺度,1,10,4194304,2.5033944837106505e-06,128,primary
moderate,4,35,O1,理想 CSI 参考,,3,4194304,8.3446482790355017e-07,128,primary
moderate,4,37,B0,普通 LS,,0,4194304,1.192092611290786e-07,128,primary
moderate,4,37,B2_TUNED,调参奇异值下限,1,0,4194304,1.192092611290786e-07,128,primary
moderate,4,37,C4_FWD,前向误差尺度,,0,4194304,1.192092611290786e-07,128,primary
moderate,4,37,B3_PSC,导频重构尺度,1,0,4194304,1.192092611290786e-07,128,primary
moderate,4,37,O1,理想 CSI 参考,,0,4194304,1.192092611290786e-07,128,primary
moderate,4,39,B0,普通 LS,,0,4194304,1.192092611290786e-07,128,primary
moderate,4,39,B2_TUNED,调参奇异值下限,1,0,4194304,1.192092611290786e-07,128,primary
moderate,4,39,C4_FWD,前向误差尺度,,0,4194304,1.192092611290786e-07,128,primary
moderate,4,39,B3_PSC,导频重构尺度,1,0,4194304,1.192092611290786e-07,128,primary
moderate,4,39,O1,理想 CSI 参考,,0,4194304,1.192092611290786e-07,128,primary
moderate,4,41,B0,普通 LS,,0,4194304,1.192092611290786e-07,128,primary
moderate,4,41,B2_TUNED,调参奇异值下限,1,0,4194304,1.192092611290786e-07,128,primary
moderate,4,41,C4_FWD,前向误差尺度,,0,4194304,1.192092611290786e-07,128,primary
moderate,4,41,B3_PSC,导频重构尺度,1,0,4194304,1.192092611290786e-07,128,primary
moderate,4,41,O1,理想 CSI 参考,,0,4194304,1.192092611290786e-07,128,primary
moderate,8,5,B0,普通 LS,,1022561,4194304,0.2437976017480846,128,primary
moderate,8,5,B2_TUNED,调参奇异值下限,1,982988,4194304,0.23436266556676255,128,primary
moderate,8,5,C4_FWD,前向误差尺度,,979830,4194304,0.23360973987347128,128,primary
moderate,8,5,B3_PSC,导频重构尺度,1,1012388,4194304,0.24137217012115236,128,primary
moderate,8,5,O1,理想 CSI 参考,,904370,4194304,0.21561867818387076,128,primary
moderate,8,7,B0,普通 LS,,825151,4194304,0.1967314012691018,128,primary
moderate,8,7,B2_TUNED,调参奇异值下限,1,795800,4194304,0.18973357922230263,128,primary
moderate,8,7,C4_FWD,前向误差尺度,,787066,4194304,0.18765123184889987,128,primary
moderate,8,7,B3_PSC,导频重构尺度,1,816597,4194304,0.19469196922970552,128,primary
moderate,8,7,O1,理想 CSI 参考,,720607,4194304,0.17180617527814501,128,primary
moderate,8,9,B0,普通 LS,,636931,4194304,0.15185626700967145,128,primary
moderate,8,9,B2_TUNED,调参奇异值下限,1,615813,4194304,0.14682134465662369,128,primary
moderate,8,9,C4_FWD,前向误差尺度,,604223,4194304,0.14405807398365164,128,primary
moderate,8,9,B3_PSC,导频重构尺度,1,628237,4194304,0.14978345637715904,128,primary
moderate,8,9,O1,理想 CSI 参考,,548127,4194304,0.13068374855905807,128,primary
moderate,8,11,B0,普通 LS,,467849,4194304,0.11154398642921771,128,primary
moderate,8,11,B2_TUNED,调参奇异值下限,1,452610,4194304,0.10791072656852566,128,primary
moderate,8,11,C4_FWD,前向误差尺度,,440603,4194304,0.10504803537177196,128,primary
moderate,8,11,B3_PSC,导频重构尺度,1,458481,4194304,0.1093104817127033,128,primary
moderate,8,11,O1,理想 CSI 参考,,395830,4194304,0.094373322874707496,128,primary
moderate,8,13,B0,普通 LS,,324727,4194304,0.077421050686585738,128,primary
moderate,8,13,B2_TUNED,调参奇异值下限,1,313935,4194304,0.074848037994375713,128,primary
moderate,8,13,C4_FWD,前向误差尺度,,304236,4194304,0.072535616746993839,128,primary
moderate,8,13,B3_PSC,导频重构尺度,1,315336,4194304,0.075182062344059386,128,primary
moderate,8,13,O1,理想 CSI 参考,,269926,4194304,0.064355477248316473,128,primary
moderate,8,15,B0,普通 LS,,212966,4194304,0.050775158220491834,128,primary
moderate,8,15,B2_TUNED,调参奇异值下限,1,205355,4194304,0.048960554847584999,128,primary
moderate,8,15,C4_FWD,前向误差尺度,,198474,4194304,0.047319996995926622,128,primary
moderate,8,15,B3_PSC,导频重构尺度,1,204469,4194304,0.048749316036864269,128,primary
moderate,8,15,O1,理想 CSI 参考,,174256,4194304,0.041545977223878566,128,primary
moderate,8,17,B0,普通 LS,,131425,4194304,0.03133427349703944,128,primary
moderate,8,17,B2_TUNED,调参奇异值下限,1,125739,4194304,0.029978625779479556,128,primary
moderate,8,17,C4_FWD,前向误差尺度,,121367,4194304,0.028936260000166893,128,primary
moderate,8,17,B3_PSC,导频重构尺度,1,124298,4194304,0.029635064688905553,128,primary
moderate,8,17,O1,理想 CSI 参考,,105780,4194304,0.025220030493728996,128,primary
moderate,8,19,B0,普通 LS,,75265,4194304,0.01794468928702133,128,primary
moderate,8,19,B2_TUNED,调参奇异值下限,1,71251,4194304,0.016987677338677086,128,primary
moderate,8,19,C4_FWD,前向误差尺度,,68783,4194304,0.016399260425743956,128,primary
moderate,8,19,B3_PSC,导频重构尺度,1,70022,4194304,0.016694660974821814,128,primary
moderate,8,19,O1,理想 CSI 参考,,59194,4194304,0.014113065215810485,128,primary
moderate,8,21,B0,普通 LS,,39581,4194304,0.0094369627387612485,128,primary
moderate,8,21,B2_TUNED,调参奇异值下限,1,37538,4194304,0.0089498736977878333,128,primary
moderate,8,21,C4_FWD,前向误差尺度,,36228,4194304,0.0086375454336296478,128,primary
moderate,8,21,B3_PSC,导频重构尺度,1,36704,4194304,0.0087510326502245311,128,primary
moderate,8,21,O1,理想 CSI 参考,,30690,4194304,0.0073171836573639737,128,primary
moderate,8,23,B0,普通 LS,,19251,4194304,0.0045899141812529133,128,primary
moderate,8,23,B2_TUNED,调参奇异值下限,1,17873,4194304,0.0042613734575811723,128,primary
moderate,8,23,C4_FWD,前向误差尺度,,17456,4194304,0.0041619529337995212,128,primary
moderate,8,23,B3_PSC,导频重构尺度,1,17536,4194304,0.0041810264155801736,128,primary
moderate,8,23,O1,理想 CSI 参考,,14376,4194304,0.0034276238852443968,128,primary
moderate,8,25,B0,普通 LS,,8375,4194304,0.0019968743331731957,128,primary
moderate,8,25,B2_TUNED,调参奇异值下限,1,7612,4194304,0.0018149610006902217,128,primary
moderate,8,25,C4_FWD,前向误差尺度,,7533,4194304,0.0017961259374318272,128,primary
moderate,8,25,B3_PSC,导频重构尺度,1,7510,4194304,0.0017906423114198895,128,primary
moderate,8,25,O1,理想 CSI 参考,,6131,4194304,0.0014618631692258908,128,primary
moderate,8,27,B0,普通 LS,,3296,4194304,0.00078594665862401518,128,primary
moderate,8,27,B2_TUNED,调参奇异值下限,1,2980,4194304,0.00071060640559043756,128,primary
moderate,8,27,C4_FWD,前向误差尺度,,2962,4194304,0.00070631487218979065,128,primary
moderate,8,27,B3_PSC,导频重构尺度,1,2963,4194304,0.00070655329071204879,128,primary
moderate,8,27,O1,理想 CSI 参考,,2316,4194304,0.00055229650681102118,128,primary
moderate,8,29,B0,普通 LS,,1146,4194304,0.00027334683576897724,128,primary
moderate,8,29,B2_TUNED,调参奇异值下限,1,1069,4194304,0.0002549886095550991,128,primary
moderate,8,29,C4_FWD,前向误差尺度,,1069,4194304,0.0002549886095550991,128,primary
moderate,8,29,B3_PSC,导频重构尺度,1,1067,4194304,0.00025451177251058281,128,primary
moderate,8,29,O1,理想 CSI 参考,,790,4194304,0.00018846984184507325,128,primary
moderate,8,31,B0,普通 LS,,327,4194304,7.8082066039546474e-05,128,primary
moderate,8,31,B2_TUNED,调参奇异值下限,1,324,4194304,7.7366810472772002e-05,128,primary
moderate,8,31,C4_FWD,前向误差尺度,,324,4194304,7.7366810472772002e-05,128,primary
moderate,8,31,B3_PSC,导频重构尺度,1,324,4194304,7.7366810472772002e-05,128,primary
moderate,8,31,O1,理想 CSI 参考,,208,4194304,4.9710261890825774e-05,128,primary
moderate,8,33,B0,普通 LS,,69,4194304,1.6570087296941925e-05,128,primary
moderate,8,33,B2_TUNED,调参奇异值下限,1,68,4194304,1.6331668774683768e-05,128,primary
moderate,8,33,C4_FWD,前向误差尺度,,68,4194304,1.6331668774683768e-05,128,primary
moderate,8,33,B3_PSC,导频重构尺度,1,68,4194304,1.6331668774683768e-05,128,primary
moderate,8,33,O1,理想 CSI 参考,,33,4194304,7.9870204956482659e-06,128,primary
moderate,8,35,B0,普通 LS,,4,4194304,1.0728833501617074e-06,128,primary
moderate,8,35,B2_TUNED,调参奇异值下限,1,7,4194304,1.7881389169361789e-06,128,primary
moderate,8,35,C4_FWD,前向误差尺度,,7,4194304,1.7881389169361789e-06,128,primary
moderate,8,35,B3_PSC,导频重构尺度,1,7,4194304,1.7881389169361789e-06,128,primary
moderate,8,35,O1,理想 CSI 参考,,3,4194304,8.3446482790355017e-07,128,primary
moderate,8,37,B0,普通 LS,,0,4194304,1.192092611290786e-07,128,primary
moderate,8,37,B2_TUNED,调参奇异值下限,1,0,4194304,1.192092611290786e-07,128,primary
moderate,8,37,C4_FWD,前向误差尺度,,0,4194304,1.192092611290786e-07,128,primary
moderate,8,37,B3_PSC,导频重构尺度,1,0,4194304,1.192092611290786e-07,128,primary
moderate,8,37,O1,理想 CSI 参考,,0,4194304,1.192092611290786e-07,128,primary
moderate,8,39,B0,普通 LS,,0,4194304,1.192092611290786e-07,128,primary
moderate,8,39,B2_TUNED,调参奇异值下限,1,0,4194304,1.192092611290786e-07,128,primary
moderate,8,39,C4_FWD,前向误差尺度,,0,4194304,1.192092611290786e-07,128,primary
moderate,8,39,B3_PSC,导频重构尺度,1,0,4194304,1.192092611290786e-07,128,primary
moderate,8,39,O1,理想 CSI 参考,,0,4194304,1.192092611290786e-07,128,primary
moderate,8,41,B0,普通 LS,,0,4194304,1.192092611290786e-07,128,primary
moderate,8,41,B2_TUNED,调参奇异值下限,1,0,4194304,1.192092611290786e-07,128,primary
moderate,8,41,C4_FWD,前向误差尺度,,0,4194304,1.192092611290786e-07,128,primary
moderate,8,41,B3_PSC,导频重构尺度,1,0,4194304,1.192092611290786e-07,128,primary
moderate,8,41,O1,理想 CSI 参考,,0,4194304,1.192092611290786e-07,128,primary
moderate,16,5,B0,普通 LS,,972856,4194304,0.2319470090992429,128,primary
moderate,16,5,B2_TUNED,调参奇异值下限,1,940730,4194304,0.22428757565317733,128,primary
moderate,16,5,C4_FWD,前向误差尺度,,945595,4194304,0.22544748176396329,128,primary
moderate,16,5,B3_PSC,导频重构尺度,1,985606,4194304,0.2349868452580344,128,primary
moderate,16,5,O1,理想 CSI 参考,,904370,4194304,0.21561867818387076,128,primary
moderate,16,7,B0,普通 LS,,780826,4194304,0.18616350027000897,128,primary
moderate,16,7,B2_TUNED,调参奇异值下限,1,754914,4194304,0.17998559952125562,128,primary
moderate,16,7,C4_FWD,前向误差尺度,,755900,4194304,0.18022068018420215,128,primary
moderate,16,7,B3_PSC,导频重构尺度,1,790667,4194304,0.1885097769475515,128,primary
moderate,16,7,O1,理想 CSI 参考,,720607,4194304,0.17180617527814501,128,primary
moderate,16,9,B0,普通 LS,,598392,4194304,0.14266785558036432,128,primary
moderate,16,9,B2_TUNED,调参奇异值下限,1,579654,4194304,0.13820036931029098,128,primary
moderate,16,9,C4_FWD,前向误差尺度,,578165,4194304,0.13784536413064857,128,primary
moderate,16,9,B3_PSC,导频重构尺度,1,604479,4194304,0.14411910912534973,128,primary
moderate,16,9,O1,理想 CSI 参考,,548127,4194304,0.13068374855905807,128,primary
moderate,16,11,B0,普通 LS,,435849,4194304,0.10391459371695669,128,primary
moderate,16,11,B2_TUNED,调参奇异值下限,1,421751,4194304,0.10055336939016118,128,primary
moderate,16,11,C4_FWD,前向误差尺度,,418664,4194304,0.099817371411950254,128,primary
moderate,16,11,B3_PSC,导频重构尺度,1,438250,4194304,0.10448703658889852,128,primary
moderate,16,11,O1,理想 CSI 参考,,395830,4194304,0.094373322874707496,128,primary
moderate,16,13,B0,普通 LS,,299742,4194304,0.071464163907965686,128,primary
moderate,16,13,B2_TUNED,调参奇异值下限,1,290890,4194304,0.069353683148936474,128,primary
moderate,16,13,C4_FWD,前向误差尺度,,287094,4194304,0.068448646438444505,128,primary
moderate,16,13,B3_PSC,导频重构尺度,1,299984,4194304,0.071521861190352157,128,primary
moderate,16,13,O1,理想 CSI 参考,,269926,4194304,0.064355477248316473,128,primary
moderate,16,15,B0,普通 LS,,195129,4194304,0.046522487038973083,128,primary
moderate,16,15,B2_TUNED,调参奇异值下限,1,188916,4194304,0.045041192760183153,128,primary
moderate,16,15,C4_FWD,前向误差尺度,,186139,4194304,0.044379104523872254,128,primary
moderate,16,15,B3_PSC,导频重构尺度,1,193544,4194304,0.046144593681193904,128,primary
moderate,16,15,O1,理想 CSI 参考,,174256,4194304,0.041545977223878566,128,primary
moderate,16,17,B0,普通 LS,,119136,4194304,0.028404348277008943,128,primary
moderate,16,17,B2_TUNED,调参奇异值下限,1,115019,4194304,0.02742277922087211,128,primary
moderate,16,17,C4_FWD,前向误差尺度,,113103,4194304,0.026965969332225483,128,primary
moderate,16,17,B3_PSC,导频重构尺度,1,116851,4194304,0.027859561953649054,128,primary
moderate,16,17,O1,理想 CSI 参考,,105780,4194304,0.025220030493728996,128,primary
moderate,16,19,B0,普通 LS,,67596,4194304,0.016116257639823522,128,primary
moderate,16,19,B2_TUNED,调参奇异值下限,1,65214,4194304,0.015548344719804591,128,primary
moderate,16,19,C4_FWD,前向误差尺度,,63941,4194304,0.015244837940969959,128,primary
moderate,16,19,B3_PSC,导频重构尺度,1,65795,4194304,0.015686865881236581,128,primary
moderate,16,19,O1,理想 CSI 参考,,59194,4194304,0.014113065215810485,128,primary
moderate,16,21,B0,普通 LS,,35268,4194304,0.0084086636522618177,128,primary
moderate,16,21,B2_TUNED,调参奇异值下限,1,34088,4194304,0.0081273297959971909,128,primary
moderate,16,21,C4_FWD,前向误差尺度,,33435,4194304,0.0079716425009626144,128,primary
moderate,16,21,B3_PSC,导频重构尺度,1,34122,4194304,0.0081354360257539695,128,primary
moderate,16,21,O1,理想 CSI 参考,,30690,4194304,0.0073171836573639737,128,primary
moderate,16,23,B0,普通 LS,,17039,4194304,0.0040625324100178693,128,primary
moderate,16,23,B2_TUNED,调参奇异值下限,1,16325,4194304,0.0038923015851255452,128,primary
moderate,16,23,C4_FWD,前向误差尺度,,16015,4194304,0.0038183918432255163,128,primary
moderate,16,23,B3_PSC,导频重构尺度,1,16212,4194304,0.0038653602921103736,128,primary
moderate,16,23,O1,理想 CSI 参考,,14376,4194304,0.0034276238852443968,128,primary
moderate,16,25,B0,普通 LS,,7474,4194304,0.0017820592446185959,128,primary
moderate,16,25,B2_TUNED,调参奇异值下限,1,7028,4194304,0.0016757245836914578,128,primary
moderate,16,25,C4_FWD,前向误差尺度,,6857,4194304,0.001634955016385313,128,primary
moderate,16,25,B3_PSC,导频重构尺度,1,6925,4194304,0.0016511674758988677,128,primary
moderate,16,25,O1,理想 CSI 参考,,6131,4194304,0.0014618631692258908,128,primary
moderate,16,27,B0,普通 LS,,2868,4194304,0.00068390353109752395,128,primary
moderate,16,27,B2_TUNED,调参奇异值下限,1,2728,4194304,0.00065052493798138189,128,primary
moderate,16,27,C4_FWD,前向误差尺度,,2683,4194304,0.00063979610447976478,128,primary
moderate,16,27,B3_PSC,导频重构尺度,1,2703,4194304,0.00064456447492492797,128,primary
moderate,16,27,O1,理想 CSI 参考,,2316,4194304,0.00055229650681102118,128,primary
moderate,16,29,B0,普通 LS,,1032,4194304,0.00024616712423154729,128,primary
moderate,16,29,B2_TUNED,调参奇异值下限,1,960,4194304,0.00022900099062895998,128,primary
moderate,16,29,C4_FWD,前向误差尺度,,953,4194304,0.00022733206097315289,128,primary
moderate,16,29,B3_PSC,导频重构尺度,1,956,4194304,0.00022804731653992735,128,primary
moderate,16,29,O1,理想 CSI 参考,,790,4194304,0.00018846984184507325,128,primary
moderate,16,31,B0,普通 LS,,293,4194304,6.9975836282769129e-05,128,primary
moderate,16,31,B2_TUNED,调参奇异值下限,1,280,4194304,6.6876395493413086e-05,128,primary
moderate,16,31,C4_FWD,前向误差尺度,,280,4194304,6.6876395493413086e-05,128,primary
moderate,16,31,B3_PSC,导频重构尺度,1,280,4194304,6.6876395493413086e-05,128,primary
moderate,16,31,O1,理想 CSI 参考,,208,4194304,4.9710261890825774e-05,128,primary
moderate,16,33,B0,普通 LS,,71,4194304,1.7046924341458239e-05,128,primary
moderate,16,33,B2_TUNED,调参奇异值下限,1,64,4194304,1.5377994685651139e-05,128,primary
moderate,16,33,C4_FWD,前向误差尺度,,64,4194304,1.5377994685651139e-05,128,primary
moderate,16,33,B3_PSC,导频重构尺度,1,64,4194304,1.5377994685651139e-05,128,primary
moderate,16,33,O1,理想 CSI 参考,,33,4194304,7.9870204956482659e-06,128,primary
moderate,16,35,B0,普通 LS,,5,4194304,1.3113018724198646e-06,128,primary
moderate,16,35,B2_TUNED,调参奇异值下限,1,6,4194304,1.5497203946780217e-06,128,primary
moderate,16,35,C4_FWD,前向误差尺度,,6,4194304,1.5497203946780217e-06,128,primary
moderate,16,35,B3_PSC,导频重构尺度,1,6,4194304,1.5497203946780217e-06,128,primary
moderate,16,35,O1,理想 CSI 参考,,3,4194304,8.3446482790355017e-07,128,primary
moderate,16,37,B0,普通 LS,,0,4194304,1.192092611290786e-07,128,primary
moderate,16,37,B2_TUNED,调参奇异值下限,1,0,4194304,1.192092611290786e-07,128,primary
moderate,16,37,C4_FWD,前向误差尺度,,0,4194304,1.192092611290786e-07,128,primary
moderate,16,37,B3_PSC,导频重构尺度,1,0,4194304,1.192092611290786e-07,128,primary
moderate,16,37,O1,理想 CSI 参考,,0,4194304,1.192092611290786e-07,128,primary
moderate,16,39,B0,普通 LS,,0,4194304,1.192092611290786e-07,128,primary
moderate,16,39,B2_TUNED,调参奇异值下限,1,0,4194304,1.192092611290786e-07,128,primary
moderate,16,39,C4_FWD,前向误差尺度,,0,4194304,1.192092611290786e-07,128,primary
moderate,16,39,B3_PSC,导频重构尺度,1,0,4194304,1.192092611290786e-07,128,primary
moderate,16,39,O1,理想 CSI 参考,,0,4194304,1.192092611290786e-07,128,primary
moderate,16,41,B0,普通 LS,,0,4194304,1.192092611290786e-07,128,primary
moderate,16,41,B2_TUNED,调参奇异值下限,1,0,4194304,1.192092611290786e-07,128,primary
moderate,16,41,C4_FWD,前向误差尺度,,0,4194304,1.192092611290786e-07,128,primary
moderate,16,41,B3_PSC,导频重构尺度,1,0,4194304,1.192092611290786e-07,128,primary
moderate,16,41,O1,理想 CSI 参考,,0,4194304,1.192092611290786e-07,128,primary
strong,2,5,B0,普通 LS,,1253668,4194304,0.29889779117160054,128,primary
strong,2,5,B2_TUNED,调参奇异值下限,1,1222004,4194304,0.29134850708281823,128,primary
strong,2,5,C4_FWD,前向误差尺度,,1176083,4194304,0.28040009012220141,128,primary
strong,2,5,B3_PSC,导频重构尺度,1,1181803,4194304,0.2817638440695181,128,primary
strong,2,5,O1,理想 CSI 参考,,949890,4194304,0.22647148931706207,128,primary
strong,2,7,B0,普通 LS,,1067597,4194304,0.25453501831650299,128,primary
strong,2,7,B2_TUNED,调参奇异值下限,1,1039756,4194304,0.24789720823831363,128,primary
strong,2,7,C4_FWD,前向误差尺度,,988856,4194304,0.23576170545537342,128,primary
strong,2,7,B3_PSC,导频重构尺度,1,994443,4194304,0.23709374973922975,128,primary
strong,2,7,O1,理想 CSI 参考,,775450,4194304,0.18488176229434913,128,primary
strong,2,9,B0,普通 LS,,883690,4194304,0.21068818314357204,128,primary
strong,2,9,B2_TUNED,调参奇异值下限,1,857977,4194304,0.20455772768074806,128,primary
strong,2,9,C4_FWD,前向误差尺度,,805794,4194304,0.19211633393375063,128,primary
strong,2,9,B3_PSC,导频重构尺度,1,811601,4194304,0.19350083029250376,128,primary
strong,2,9,O1,理想 CSI 参考,,611253,4194304,0.14573415619512647,128,primary
strong,2,11,B0,普通 LS,,709222,4194304,0.16909178040223588,128,primary
strong,2,11,B2_TUNED,调参奇异值下限,1,683295,4194304,0.16291030337564866,128,primary
strong,2,11,C4_FWD,前向误差尺度,,635982,4194304,0.15163000783204847,128,primary
strong,2,11,B3_PSC,导频重构尺度,1,640925,4194304,0.15280851058757053,128,primary
strong,2,11,O1,理想 CSI 参考,,463248,4194304,0.11044702280830793,128,primary
strong,2,13,B0,普通 LS,,543340,4194304,0.12954243909300825,128,primary
strong,2,13,B2_TUNED,调参奇异值下限,1,513247,4194304,0.12236771050269353,128,primary
strong,2,13,C4_FWD,前向误差尺度,,476233,4194304,0.1135428873198301,128,primary
strong,2,13,B3_PSC,导频重构尺度,1,478336,4194304,0.11404428147213901,128,primary
strong,2,13,O1,理想 CSI 参考,,337629,4194304,0.080497126460760487,128,primary
strong,2,15,B0,普通 LS,,398890,4194304,0.095102883552817458,128,primary
strong,2,15,B2_TUNED,调参奇异值下限,1,371595,4194304,0.088595249987781052,128,primary
strong,2,15,C4_FWD,前向误差尺度,,343579,4194304,0.081915716668196525,128,primary
strong,2,15,B3_PSC,导频重构尺度,1,344248,4194304,0.082075218659587224,128,primary
strong,2,15,O1,理想 CSI 参考,,236536,4194304,0.056394682790116599,128,primary
strong,2,17,B0,普通 LS,,277963,4194304,0.06627164691170527,128,primary
strong,2,17,B2_TUNED,调参奇异值下限,1,253422,4194304,0.060420617956967841,128,primary
strong,2,17,C4_FWD,前向误差尺度,,232625,4194304,0.055462227949564943,128,primary
strong,2,17,B3_PSC,导频重构尺度,1,232735,4194304,0.055488453987013346,128,primary
strong,2,17,O1,理想 CSI 参考,,159184,4194304,0.037952533256403624,128,primary
strong,2,19,B0,普通 LS,,189735,4194304,0.045236457529912587,128,primary
strong,2,19,B2_TUNED,调参奇异值下限,1,168907,4194304,0.040270676548319687,128,primary
strong,2,19,C4_FWD,前向误差尺度,,154821,4194304,0.036912313243791281,128,primary
strong,2,19,B3_PSC,导频重构尺度,1,154342,4194304,0.036798110771629623,128,primary
strong,2,19,O1,理想 CSI 参考,,102818,4194304,0.024513834830800336,128,primary
strong,2,21,B0,普通 LS,,124818,4194304,0.029759042320479795,128,primary
strong,2,21,B2_TUNED,调参奇异值下限,1,108125,4194304,0.025779121928424374,128,primary
strong,2,21,C4_FWD,前向误差尺度,,99742,4194304,0.023780459456334245,128,primary
strong,2,21,B3_PSC,导频重构尺度,1,99165,4194304,0.023642891968991286,128,primary
strong,2,21,O1,理想 CSI 参考,,65069,4194304,0.015513774034077159,128,primary
strong,2,23,B0,普通 LS,,79909,4194304,0.019051904904388212,128,primary
strong,2,23,B2_TUNED,调参奇异值下限,1,66642,4194304,0.01588880636958924,128,primary
strong,2,23,C4_FWD,前向误差尺度,,62839,4194304,0.014982100729441469,128,primary
strong,2,23,B3_PSC,导频重构尺度,1,62547,4194304,0.014912482520942088,128,primary
strong,2,23,O1,理想 CSI 参考,,40643,4194304,0.0096901632093994126,128,primary
strong,2,25,B0,普通 LS,,50006,4194304,0.011922475833302538,128,primary
strong,2,25,B2_TUNED,调参奇异值下限,1,41114,4194304,0.0098024583333830035,128,primary
strong,2,25,C4_FWD,前向误差尺度,,39582,4194304,0.0094372011572835066,128,primary
strong,2,25,B3_PSC,导频重构尺度,1,39416,4194304,0.009397623682588653,128,primary
strong,2,25,O1,理想 CSI 参考,,25592,4194304,0.006101726030891888,128,primary
strong,2,27,B0,普通 LS,,31397,4194304,0.0074857455526004908,128,primary
strong,2,27,B2_TUNED,调参奇异值下限,1,26127,4194304,0.0062292799403000018,128,primary
strong,2,27,C4_FWD,前向误差尺度,,25593,4194304,0.0061019644494141462,128,primary
strong,2,27,B3_PSC,导频重构尺度,1,25576,4194304,0.0060979113345357577,128,primary
strong,2,27,O1,理想 CSI 参考,,16601,4194304,0.0039581050972687963,128,primary
strong,2,29,B0,普通 LS,,20105,4194304,0.0047935235992613793,128,primary
strong,2,29,B2_TUNED,调参奇异值下限,1,17402,4194304,0.0041490783335975806,128,primary
strong,2,29,C4_FWD,前向误差尺度,,17113,4194304,0.0040801753806649728,128,primary
strong,2,29,B3_PSC,导频重构尺度,1,17118,4194304,0.0040813674732762635,128,primary
strong,2,29,O1,理想 CSI 参考,,11230,4194304,0.0026775592142202344,128,primary
strong,2,31,B0,普通 LS,,13215,4194304,0.0031508199809026764,128,primary
strong,2,31,B2_TUNED,调参奇异值下限,1,12266,4194304,0.002924560803279685,128,primary
strong,2,31,C4_FWD,前向误差尺度,,12122,4194304,0.0028902285360745106,128,primary
strong,2,31,B3_PSC,导频重构尺度,1,12124,4194304,0.0028907053731190269,128,primary
strong,2,31,O1,理想 CSI 参考,,7852,4194304,0.0018721814460321794,128,primary
strong,2,33,B0,普通 LS,,9084,4194304,0.0021659130654542291,128,primary
strong,2,33,B2_TUNED,调参奇异值下限,1,8938,4194304,0.0021311039612045379,128,primary
strong,2,33,C4_FWD,前向误差尺度,,8724,4194304,0.0020800823974412926,128,primary
strong,2,33,B3_PSC,导频重构尺度,1,8725,4194304,0.0020803208159635507,128,primary
strong,2,33,O1,理想 CSI 参考,,5587,4194304,0.0013321634931174533,128,primary
strong,2,35,B0,普通 LS,,6407,4194304,0.0015276666813691421,128,primary
strong,2,35,B2_TUNED,调参奇异值下限,1,6468,4194304,0.0015422102112268897,128,primary
strong,2,35,C4_FWD,前向误差尺度,,6291,4194304,0.0015000101327871959,128,primary
strong,2,35,B3_PSC,导频重构尺度,1,6284,4194304,0.0014983412031313889,128,primary
strong,2,35,O1,理想 CSI 参考,,3951,4194304,0.00094211079070310815,128,primary
strong,2,37,B0,普通 LS,,4390,4194304,0.0010467765219744391,128,primary
strong,2,37,B2_TUNED,调参奇异值下限,1,4562,4194304,0.0010877845078028422,128,primary
strong,2,37,C4_FWD,前向误差尺度,,4424,4194304,0.0010548827517312166,128,primary
strong,2,37,B3_PSC,导频重构尺度,1,4431,4194304,0.0010565516813870236,128,primary
strong,2,37,O1,理想 CSI 参考,,2559,4194304,0.00061023220771975334,128,primary
strong,2,39,B0,普通 LS,,2902,4194304,0.00069200976085430127,128,primary
strong,2,39,B2_TUNED,调参奇异值下限,1,2944,4194304,0.00070202333878914384,128,primary
strong,2,39,C4_FWD,前向误差尺度,,2816,4194304,0.00067150576794009972,128,primary
strong,2,39,B3_PSC,导频重构尺度,1,2829,4194304,0.00067460520872945581,128,primary
strong,2,39,O1,理想 CSI 参考,,1513,4194304,0.00036084643343772089,128,primary
strong,2,41,B0,普通 LS,,1688,4194304,0.00040256967483289841,128,primary
strong,2,41,B2_TUNED,调参奇异值下限,1,1707,4194304,0.00040709962675580341,128,primary
strong,2,41,C4_FWD,前向误差尺度,,1665,4194304,0.00039708604882096078,128,primary
strong,2,41,B3_PSC,导频重构尺度,1,1659,4194304,0.00039565553768741187,128,primary
strong,2,41,O1,理想 CSI 参考,,825,4194304,0.00019681449012410877,128,primary
