scene,n_pilots,method_code,method_name,method_parameter,threshold_ber,crossing_status,required_snr_db,fixed_snr_db,fixed_snr_errors,fixed_snr_bits,fixed_snr_ber_jeffreys,latent_clusters
moderate,2,B0,普通 LS,,0.0038,STABLE,24.963858866516581,25,15716,4194304,0.0037471047050703274,128
moderate,2,B2_TUNED,调参奇异值下限,0.5,0.0038,STABLE,24.963858866516581,25,15716,4194304,0.0037471047050703274,128
moderate,2,C4_FWD,前向误差尺度,,0.0038,STABLE,24.093385067827711,25,10999,4194304,0.0026224845355786001,128
moderate,2,B3_PSC,导频重构尺度,1,0.0038,STABLE,24.089128202759259,25,10958,4194304,0.0026127093761660154,128
moderate,2,O1,理想 CSI 参考,,0.0038,STABLE,22.728007724656976,25,6131,4194304,0.0014618631692258908,128
moderate,4,B0,普通 LS,,0.0038,STABLE,24.064543058954129,25,10976,4194304,0.0026170009095666624,128
moderate,4,B2_TUNED,调参奇异值下限,1,0.0038,STABLE,23.710082550023447,25,9309,4194304,0.0022195572329623144,128
moderate,4,C4_FWD,前向误差尺度,,0.0038,STABLE,23.589133341340915,25,9029,4194304,0.0021528000467300303,128
moderate,4,B3_PSC,导频重构尺度,1,0.0038,STABLE,23.602049197485908,25,9031,4194304,0.0021532768837745466,128
moderate,4,O1,理想 CSI 参考,,0.0038,STABLE,22.728007724656976,25,6131,4194304,0.0014618631692258908,128
moderate,8,B0,普通 LS,,0.0038,STABLE,23.453839256480073,25,8375,4194304,0.0019968743331731957,128
moderate,8,B2_TUNED,调参奇异值下限,1,0.0038,STABLE,23.268510258063383,25,7612,4194304,0.0018149610006902217,128
moderate,8,C4_FWD,前向误差尺度,,0.0038,STABLE,23.216536205778173,25,7533,4194304,0.0017961259374318272,128
moderate,8,B3_PSC,导频重构尺度,1,0.0038,STABLE,23.225371907936275,25,7510,4194304,0.0017906423114198895,128
moderate,8,O1,理想 CSI 参考,,0.0038,STABLE,22.728007724656976,25,6131,4194304,0.0014618631692258908,128
moderate,16,B0,普通 LS,,0.0038,STABLE,23.162141900734252,25,7474,4194304,0.0017820592446185959,128
moderate,16,B2_TUNED,调参奇异值下限,1,0.0038,STABLE,23.056955065996931,25,7028,4194304,0.0016757245836914578,128
moderate,16,C4_FWD,前向误差尺度,,0.0038,STABLE,23.011384587993994,25,6857,4194304,0.001634955016385313,128
moderate,16,B3_PSC,导频重构尺度,1,0.0038,STABLE,23.040099660374683,25,6925,4194304,0.0016511674758988677,128
moderate,16,O1,理想 CSI 参考,,0.0038,STABLE,22.728007724656976,25,6131,4194304,0.0014618631692258908,128
