scene,n_pilots,snr_db,delta,source_status,method_code,method_name,method_parameter,errors,bits,ber_jeffreys,latent_clusters
moderate,2,25,0,exact_reference,B0,普通 LS,,15716,4194304,0.0037471047050703274,128
moderate,2,25,0,exact_reference,B2_TUNED,调参奇异值下限,0.5,15716,4194304,0.0037471047050703274,128
moderate,2,25,0,exact_reference,C4_FWD,前向误差尺度,,10999,4194304,0.0026224845355786001,128
moderate,2,25,0,exact_reference,B3_PSC,导频重构尺度,1,10958,4194304,0.0026127093761660154,128
moderate,2,25,0,exact_reference,O1,理想 CSI 参考,,6131,4194304,0.0014618631692258908,128
moderate,2,25,0.050000000000000003,stored_mismatch_cell,B0,普通 LS,,16122,4194304,0.0038439026251071394,128
moderate,2,25,0.050000000000000003,stored_mismatch_cell,B2_TUNED,调参奇异值下限,0.5,16122,4194304,0.0038439026251071394,128
moderate,2,25,0.050000000000000003,stored_mismatch_cell,C4_FWD,前向误差尺度,,12969,4194304,0.0030921690244271696,128
moderate,2,25,0.050000000000000003,stored_mismatch_cell,B3_PSC,导频重构尺度,1,12944,4194304,0.003086208561370716,128
moderate,2,25,0.050000000000000003,stored_mismatch_cell,O1,理想 CSI 参考,,6316,4194304,0.0015059705958436499,128
moderate,2,25,0.10000000000000001,stored_mismatch_cell,B0,普通 LS,,17088,4194304,0.0040742149176085192,128
moderate,2,25,0.10000000000000001,stored_mismatch_cell,B2_TUNED,调参奇异值下限,0.5,17088,4194304,0.0040742149176085192,128
moderate,2,25,0.10000000000000001,stored_mismatch_cell,C4_FWD,前向误差尺度,,21904,4194304,0.005222438520803804,128
moderate,2,25,0.10000000000000001,stored_mismatch_cell,B3_PSC,导频重构尺度,1,21941,4194304,0.0052312600061273562,128
moderate,2,25,0.10000000000000001,stored_mismatch_cell,O1,理想 CSI 参考,,6729,4194304,0.0016044374455362689,128
moderate,2,25,0.20000000000000001,stored_mismatch_cell,B0,普通 LS,,21306,4194304,0.0050798642444934263,128
moderate,2,25,0.20000000000000001,stored_mismatch_cell,B2_TUNED,调参奇异值下限,0.5,21306,4194304,0.0050798642444934263,128
moderate,2,25,0.20000000000000001,stored_mismatch_cell,C4_FWD,前向误差尺度,,96143,4194304,0.022922391194727137,128
moderate,2,25,0.20000000000000001,stored_mismatch_cell,B3_PSC,导频重构尺度,1,102973,4194304,0.024550789701750349,128
moderate,2,25,0.20000000000000001,stored_mismatch_cell,O1,理想 CSI 参考,,8622,4194304,0.0020557637081709602,128
moderate,2,25,0.29999999999999999,stored_mismatch_cell,B0,普通 LS,,30062,4194304,0.0071674568253858508,128
moderate,2,25,0.29999999999999999,stored_mismatch_cell,B2_TUNED,调参奇异值下限,0.5,28849,4194304,0.0068782551578867061,128
moderate,2,25,0.29999999999999999,stored_mismatch_cell,C4_FWD,前向误差尺度,,253308,4194304,0.060393438245430413,128
moderate,2,25,0.29999999999999999,stored_mismatch_cell,B3_PSC,导频重构尺度,1,297473,4194304,0.07092319228096193,128
moderate,2,25,0.29999999999999999,stored_mismatch_cell,O1,理想 CSI 参考,,12814,4194304,0.0030552141534771551,128
moderate,2,25,0.40000000000000002,stored_mismatch_cell,B0,普通 LS,,46383,4194304,0.011058685527161233,128
moderate,2,25,0.40000000000000002,stored_mismatch_cell,B2_TUNED,调参奇异值下限,0.5,48446,4194304,0.011550542938579812,128
moderate,2,25,0.40000000000000002,stored_mismatch_cell,C4_FWD,前向误差尺度,,477022,4194304,0.11373099953389179,128
moderate,2,25,0.40000000000000002,stored_mismatch_cell,B3_PSC,导频重构尺度,1,508646,4194304,0.12127074688178376,128
moderate,2,25,0.40000000000000002,stored_mismatch_cell,O1,理想 CSI 参考,,20937,4194304,0.0049918878097801661,128
