scene,n_pilots,snr_db,method_code,method_name,method_parameter,latent_clusters,channel_nmse_mean,channel_nmse_status,inherited_channel_nmse_mean,inverse_residual_mean
moderate,2,5,B0,普通 LS,,128,0.69247902349489066,direct_estimate,,5.6725042593064714
moderate,2,5,B2_TUNED,调参奇异值下限,0.5,128,0.7254714616651643,direct_estimate,,0.45571260978796135
moderate,2,5,C4_FWD,前向误差尺度,,128,0.51002875171792517,direct_estimate,,0.36389482019895364
moderate,2,5,B3_PSC,导频重构尺度,1,128,,pre_calibration_inherited,1.1336513192111997,0.33476611660473671
moderate,2,5,O1,理想 CSI 参考,,128,0,direct_estimate,,2.1242726578838015e-32
moderate,2,7,B0,普通 LS,,128,0.43692472577257369,direct_estimate,,0.92934129238367558
moderate,2,7,B2_TUNED,调参奇异值下限,0.5,128,0.44192169026900391,direct_estimate,,0.34635089564106986
moderate,2,7,C4_FWD,前向误差尺度,,128,0.30777068126778206,direct_estimate,,0.26244235235454749
moderate,2,7,B3_PSC,导频重构尺度,1,128,,pre_calibration_inherited,0.66561005965093667,0.23998325661320688
moderate,2,7,O1,理想 CSI 参考,,128,0,direct_estimate,,2.1242726578838015e-32
moderate,2,9,B0,普通 LS,,128,0.27568086471119974,direct_estimate,,0.53679287600227188
moderate,2,9,B2_TUNED,调参奇异值下限,0.5,128,0.26918190260531083,direct_estimate,,0.23889507662125803
moderate,2,9,C4_FWD,前向误差尺度,,128,0.18494782010539562,direct_estimate,,0.1718706530343829
moderate,2,9,B3_PSC,导频重构尺度,1,128,,pre_calibration_inherited,0.38549219624818765,0.15956474564651998
moderate,2,9,O1,理想 CSI 参考,,128,0,direct_estimate,,2.1242726578838015e-32
moderate,2,11,B0,普通 LS,,128,0.17394286632218195,direct_estimate,,0.24942222913980031
moderate,2,11,B2_TUNED,调参奇异值下限,0.5,128,0.16781455425480013,direct_estimate,,0.16264908664921482
moderate,2,11,C4_FWD,前向误差尺度,,128,0.11374178042331909,direct_estimate,,0.11023586002592117
moderate,2,11,B3_PSC,导频重构尺度,1,128,,pre_calibration_inherited,0.22709099176884423,0.10435685248619396
moderate,2,11,O1,理想 CSI 参考,,128,0,direct_estimate,,2.1242726578838015e-32
moderate,2,13,B0,普通 LS,,128,0.10975052902591717,direct_estimate,,0.13597996876516605
moderate,2,13,B2_TUNED,调参奇异值下限,0.5,128,0.10664000233077135,direct_estimate,,0.11162752916291266
moderate,2,13,C4_FWD,前向误差尺度,,128,0.070995670365785732,direct_estimate,,0.07056579223058046
moderate,2,13,B3_PSC,导频重构尺度,1,128,,pre_calibration_inherited,0.13595496239505725,0.067811386890055919
moderate,2,13,O1,理想 CSI 参考,,128,0,direct_estimate,,2.1242726578838015e-32
moderate,2,15,B0,普通 LS,,128,0.069247902349489035,direct_estimate,,0.079231094736453803
moderate,2,15,B2_TUNED,调参奇异值下限,0.5,128,0.068664612988300164,direct_estimate,,0.076316435884348013
moderate,2,15,C4_FWD,前向误差尺度,,128,0.044563497788574082,direct_estimate,,0.044858276019958412
moderate,2,15,B3_PSC,导频重构尺度,1,128,,pre_calibration_inherited,0.08224236799487708,0.043647361681809847
moderate,2,15,O1,理想 CSI 参考,,128,0,direct_estimate,,2.1242726578838015e-32
moderate,2,17,B0,普通 LS,,128,0.04369247257725737,direct_estimate,,0.0476149726572795
moderate,2,17,B2_TUNED,调参奇异值下限,0.5,128,0.043677801813856963,direct_estimate,,0.047587445981413831
moderate,2,17,C4_FWD,前向误差尺度,,128,0.028042469048407258,direct_estimate,,0.028368662977853513
moderate,2,17,B3_PSC,导频重构尺度,1,128,,pre_calibration_inherited,0.050162704880753584,0.027874623503786073
moderate,2,17,O1,理想 CSI 参考,,128,0,direct_estimate,,2.1242726578838015e-32
moderate,2,19,B0,普通 LS,,128,0.027568086471119982,direct_estimate,,0.029121206475581717
moderate,2,19,B2_TUNED,调参奇异值下限,0.5,128,0.027568086471119996,direct_estimate,,0.029121206475581713
moderate,2,19,C4_FWD,前向误差尺度,,128,0.017667843336109944,direct_estimate,,0.017889837484418691
moderate,2,19,B3_PSC,导频重构尺度,1,128,,pre_calibration_inherited,0.030803166838610712,0.017704109620798859
moderate,2,19,O1,理想 CSI 参考,,128,0,direct_estimate,,2.1242726578838015e-32
moderate,2,21,B0,普通 LS,,128,0.0173942866322182,direct_estimate,,0.018007071120004138
moderate,2,21,B2_TUNED,调参奇异值下限,0.5,128,0.017394286632218179,direct_estimate,,0.018007071120004138
moderate,2,21,C4_FWD,前向误差尺度,,128,0.011138599060176051,direct_estimate,,0.011268331401620119
moderate,2,21,B3_PSC,导频重构尺度,1,128,,pre_calibration_inherited,0.019018877701296094,0.011205304112509138
moderate,2,21,O1,理想 CSI 参考,,128,0,direct_estimate,,2.1242726578838015e-32
moderate,2,23,B0,普通 LS,,128,0.010975052902591716,direct_estimate,,0.011214322043043788
moderate,2,23,B2_TUNED,调参奇异值下限,0.5,128,0.010975052902591721,direct_estimate,,0.01121432204304379
moderate,2,23,C4_FWD,前向误差尺度,,128,0.007024827000410622,direct_estimate,,0.0070955583137813881
moderate,2,23,B3_PSC,导频重构尺度,1,128,,pre_calibration_inherited,0.011794613876131109,0.0070775168945969597
moderate,2,23,O1,理想 CSI 参考,,128,0,direct_estimate,,2.1242726578838015e-32
moderate,2,25,B0,普通 LS,,128,0.0069247902349489111,direct_estimate,,0.0070167026352819812
moderate,2,25,B2_TUNED,调参奇异值下限,0.5,128,0.0069247902349489059,direct_estimate,,0.0070167026352819829
moderate,2,25,C4_FWD,前向误差尺度,,128,0.004431326601840163,direct_estimate,,0.0044685199187068404
moderate,2,25,B3_PSC,导频重构尺度,1,128,,pre_calibration_inherited,0.0073402323848296659,0.0044653066595240452
moderate,2,25,O1,理想 CSI 参考,,128,0,direct_estimate,,2.1242726578838015e-32
moderate,2,27,B0,普通 LS,,128,0.0043692472577257372,direct_estimate,,0.0044037410936778138
moderate,2,27,B2_TUNED,调参奇异值下限,0.5,128,0.0043692472577257363,direct_estimate,,0.0044037410936778156
moderate,2,27,C4_FWD,前向误差尺度,,128,0.0027956791336844655,direct_estimate,,0.0028148470823407905
moderate,2,27,B3_PSC,导频重构尺度,1,128,,pre_calibration_inherited,0.0045809395398558285,0.0028156728080199565
moderate,2,27,O1,理想 CSI 参考,,128,0,direct_estimate,,2.1242726578838015e-32
moderate,2,29,B0,普通 LS,,128,0.0027568086471119963,direct_estimate,,0.0027693259308102188
moderate,2,29,B2_TUNED,调参奇异值下限,0.5,128,0.0027568086471119963,direct_estimate,,0.0027693259308102145
moderate,2,29,C4_FWD,前向误差尺度,,128,0.0017638976622542852,direct_estimate,,0.0017736620580319528
moderate,2,29,B3_PSC,导频重构尺度,1,128,,pre_calibration_inherited,0.0028653035817280425,0.0017750756156183734
moderate,2,29,O1,理想 CSI 参考,,128,0,direct_estimate,,2.1242726578838015e-32
moderate,2,31,B0,普通 LS,,128,0.0017394286632218192,direct_estimate,,0.0017437425312376604
moderate,2,31,B2_TUNED,调参奇异值下限,0.5,128,0.0017394286632218198,direct_estimate,,0.0017437425312376599
moderate,2,31,C4_FWD,前向误差尺度,,128,0.0011129551378144449,direct_estimate,,0.001117895424284362
moderate,2,31,B3_PSC,导频重构尺度,1,128,,pre_calibration_inherited,0.0017953968009589971,0.0011190094054348021
moderate,2,31,O1,理想 CSI 参考,,128,0,direct_estimate,,2.1242726578838015e-32
moderate,2,33,B0,普通 LS,,128,0.0010975052902591727,direct_estimate,,0.0010988656898583576
moderate,2,33,B2_TUNED,调参奇异值下限,0.5,128,0.0010975052902591727,direct_estimate,,0.0010988656898583572
moderate,2,33,C4_FWD,前向误差尺度,,128,0.000702249259580932,direct_estimate,,0.0007047387021092388
moderate,2,33,B3_PSC,导频重构尺度,1,128,,pre_calibration_inherited,0.0011265910921159808,0.00070546031577702637
moderate,2,33,O1,理想 CSI 参考,,128,0,direct_estimate,,2.1242726578838015e-32
moderate,2,35,B0,普通 LS,,128,0.0006924790234948909,direct_estimate,,0.00069283423016798106
moderate,2,35,B2_TUNED,调参奇异值下限,0.5,128,0.0006924790234948896,direct_estimate,,0.00069283423016798117
moderate,2,35,C4_FWD,前向误差尺度,,128,0.00044310729750183299,direct_estimate,,0.00044435873603831553
moderate,2,35,B3_PSC,导频重构尺度,1,128,,pre_calibration_inherited,0.00070772175150319574,0.00044478585898003543
moderate,2,35,O1,理想 CSI 参考,,128,0,direct_estimate,,2.1242726578838015e-32
moderate,2,37,B0,普通 LS,,128,0.00043692472577257333,direct_estimate,,0.00043697018648440806
moderate,2,37,B2_TUNED,调参奇异值下限,0.5,128,0.00043692472577257322,direct_estimate,,0.00043697018648440708
moderate,2,37,C4_FWD,前向误差尺度,,128,0.00027959368455049226,direct_estimate,,0.00028022189036917106
moderate,2,37,B3_PSC,导频重构尺度,1,128,,pre_calibration_inherited,0.0004449886898829155,0.00028046212401488114
moderate,2,37,O1,理想 CSI 参考,,128,0,direct_estimate,,2.1242726578838015e-32
moderate,2,39,B0,普通 LS,,128,0.00027568086471119982,direct_estimate,,0.00027565002329706768
moderate,2,39,B2_TUNED,调参奇异值下限,0.5,128,0.00027568086471119993,direct_estimate,,0.00027565002329706703
moderate,2,39,C4_FWD,前向误差尺度,,128,0.00017641882873437262,direct_estimate,,0.00017673392005816785
moderate,2,39,B3_PSC,导频重构尺度,1,128,,pre_calibration_inherited,0.00027999212166082509,0.00017686476242580418
moderate,2,39,O1,理想 CSI 参考,,128,0,direct_estimate,,2.1242726578838015e-32
moderate,2,41,B0,普通 LS,,128,0.00017394286632218208,direct_estimate,,0.0001739057784352553
moderate,2,41,B2_TUNED,调参奇异值下限,0.5,128,0.00017394286632218167,direct_estimate,,0.00017390577843525495
moderate,2,41,C4_FWD,前向误差尺度,,128,0.00011131682001883123,direct_estimate,,0.00011147478737886467
moderate,2,41,B3_PSC,导频重构尺度,1,128,,pre_calibration_inherited,0.00017627451415625633,0.00011154452538330895
moderate,2,41,O1,理想 CSI 参考,,128,0,direct_estimate,,2.1242726578838015e-32
moderate,4,5,B0,普通 LS,,128,0.36356810644954191,direct_estimate,,1.4254903425939023
moderate,4,5,B2_TUNED,调参奇异值下限,1,128,0.55923348088477842,direct_estimate,,0.21743233584101135
moderate,4,5,C4_FWD,前向误差尺度,,128,0.26367821439165107,direct_estimate,,0.22483967548700334
moderate,4,5,B3_PSC,导频重构尺度,1,128,,pre_calibration_inherited,0.55923348088477842,0.22286370886988696
moderate,4,5,O1,理想 CSI 参考,,128,0,direct_estimate,,2.1242726578838015e-32
moderate,4,7,B0,普通 LS,,128,0.2293959669830952,direct_estimate,,0.59238713546025423
moderate,4,7,B2_TUNED,调参奇异值下限,1,128,0.31795159648332588,direct_estimate,,0.14481700710148251
moderate,4,7,C4_FWD,前向误差尺度,,128,0.15403543907933476,direct_estimate,,0.13718631435912881
moderate,4,7,B3_PSC,导频重构尺度,1,128,,pre_calibration_inherited,0.31795159648332588,0.14584686261819654
moderate,4,7,O1,理想 CSI 参考,,128,0,direct_estimate,,2.1242726578838015e-32
moderate,4,9,B0,普通 LS,,128,0.14473907016211976,direct_estimate,,0.20924339397308378
moderate,4,9,B2_TUNED,调参奇异值下限,1,128,0.18853539066458325,direct_estimate,,0.098792907724270004
moderate,4,9,C4_FWD,前向误差尺度,,128,0.094456698687015173,direct_estimate,,0.087821764199580252
moderate,4,9,B3_PSC,导频重构尺度,1,128,,pre_calibration_inherited,0.18853539066458325,0.094821466888439856
moderate,4,9,O1,理想 CSI 参考,,128,0,direct_estimate,,2.1242726578838015e-32
moderate,4,11,B0,普通 LS,,128,0.091324179352023444,direct_estimate,,0.1102115388042518
moderate,4,11,B2_TUNED,调参奇异值下限,1,128,0.11332353341279,direct_estimate,,0.066766225265688608
moderate,4,11,C4_FWD,前向误差尺度,,128,0.058648843033600809,direct_estimate,,0.056170761065879683
moderate,4,11,B3_PSC,导频重构尺度,1,128,,pre_calibration_inherited,0.11332353341279,0.060582353149074661
moderate,4,11,O1,理想 CSI 参考,,128,0,direct_estimate,,2.1242726578838015e-32
moderate,4,13,B0,普通 LS,,128,0.057621661690785607,direct_estimate,,0.064120832219155488
moderate,4,13,B2_TUNED,调参奇异值下限,1,128,0.068720708231179539,direct_estimate,,0.044631809660958428
moderate,4,13,C4_FWD,前向误差尺度,,128,0.03661844134310123,direct_estimate,,0.035753195723655457
moderate,4,13,B3_PSC,导频重构尺度,1,128,,pre_calibration_inherited,0.068720708231179539,0.038249568255239494
moderate,4,13,O1,理想 CSI 参考,,128,0,direct_estimate,,2.1242726578838015e-32
moderate,4,15,B0,普通 LS,,128,0.03635681064495417,direct_estimate,,0.038770793081135201
moderate,4,15,B2_TUNED,调参奇异值下限,1,128,0.041979182266636335,direct_estimate,,0.029550478396170293
moderate,4,15,C4_FWD,前向误差尺度,,128,0.022938116418477851,direct_estimate,,0.022669776868006496
moderate,4,15,B3_PSC,导频重构尺度,1,128,,pre_calibration_inherited,0.041979182266636335,0.023986310782650944
moderate,4,15,O1,理想 CSI 参考,,128,0,direct_estimate,,2.1242726578838015e-32
moderate,4,17,B0,普通 LS,,128,0.022939596698309524,direct_estimate,,0.023874517923495847
moderate,4,17,B2_TUNED,调参奇异值下限,1,128,0.02579938227519115,direct_estimate,,0.019404003602178782
moderate,4,17,C4_FWD,前向误差尺度,,128,0.014397444271263741,direct_estimate,,0.014333979689244273
moderate,4,17,B3_PSC,导频重构尺度,1,128,,pre_calibration_inherited,0.02579938227519115,0.01499356854169993
moderate,4,17,O1,理想 CSI 参考,,128,0,direct_estimate,,2.1242726578838015e-32
moderate,4,19,B0,普通 LS,,128,0.014473907016211981,direct_estimate,,0.014844420814627599
moderate,4,19,B2_TUNED,调参奇异值下限,1,128,0.015934302633778288,direct_estimate,,0.01265215312084398
moderate,4,19,C4_FWD,前向误差尺度,,128,0.0090484072460416745,direct_estimate,,0.0090462292018935169
moderate,4,19,B3_PSC,导频重构尺度,1,128,,pre_calibration_inherited,0.015934302633778288,0.0093651179934274176
moderate,4,19,O1,理想 CSI 参考,,128,0,direct_estimate,,2.1242726578838015e-32
moderate,4,21,B0,普通 LS,,128,0.0091324179352023447,direct_estimate,,0.0092809024777746555
moderate,4,21,B2_TUNED,调参奇异值下限,1,128,0.0098812269754429468,direct_estimate,,0.008201285413127533
moderate,4,21,C4_FWD,前向误差尺度,,128,0.005691758239480451,direct_estimate,,0.0057026943664951878
moderate,4,21,B3_PSC,导频重构尺度,1,128,,pre_calibration_inherited,0.0098812269754429468,0.0058535212494264634
moderate,4,21,O1,理想 CSI 参考,,128,0,direct_estimate,,2.1242726578838015e-32
moderate,4,23,B0,普通 LS,,128,0.0057621661690785654,direct_estimate,,0.005821891029243899
moderate,4,23,B2_TUNED,调参奇异值下限,1,128,0.0061478605296431815,direct_estimate,,0.005290278570413867
moderate,4,23,C4_FWD,前向误差尺度,,128,0.0035826834300009733,direct_estimate,,0.0035929521058144891
moderate,4,23,B3_PSC,导频重构尺度,1,128,,pre_calibration_inherited,0.0061478605296431815,0.0036635048419180346
moderate,4,23,O1,理想 CSI 参考,,128,0,direct_estimate,,2.1242726578838015e-32
moderate,4,25,B0,普通 LS,,128,0.0036356810644954172,direct_estimate,,0.0036596830820428894
moderate,4,25,B2_TUNED,调参奇异值下限,1,128,0.0038354097487409496,direct_estimate,,0.0033987540420776642
moderate,4,25,C4_FWD,前向误差尺度,,128,0.0022562777673898167,direct_estimate,,0.0022633077954736197
moderate,4,25,B3_PSC,导频重构尺度,1,128,,pre_calibration_inherited,0.0038354097487409496,0.0022962029009016565
moderate,4,25,O1,理想 CSI 参考,,128,0,direct_estimate,,2.1242726578838015e-32
moderate,4,27,B0,普通 LS,,128,0.0022939596698309511,direct_estimate,,0.0023035707285591935
moderate,4,27,B2_TUNED,调参奇异值下限,1,128,0.0023980508845384964,direct_estimate,,0.0021762528864228445
moderate,4,27,C4_FWD,前向误差尺度,,128,0.0014215132299995525,direct_estimate,,0.0014257733370926101
moderate,4,27,B3_PSC,导频重构尺度,1,128,,pre_calibration_inherited,0.0023980508845384964,0.0014411392982660272
moderate,4,27,O1,理想 CSI 参考,,128,0,direct_estimate,,2.1242726578838015e-32
moderate,4,29,B0,普通 LS,,128,0.001447390701621198,direct_estimate,,0.001451218647258206
moderate,4,29,B2_TUNED,调参奇异值下限,1,128,0.0015020510859720519,direct_estimate,,0.0013896345377942883
moderate,4,29,C4_FWD,前向误差尺度,,128,0.00089587276952154027,direct_estimate,,0.00089829553579441775
moderate,4,29,B3_PSC,导频重构尺度,1,128,,pre_calibration_inherited,0.0015020510859720519,0.00090550895560328668
moderate,4,29,O1,理想 CSI 参考,,128,0,direct_estimate,,2.1242726578838015e-32
moderate,4,31,B0,普通 LS,,128,0.00091324179352023473,direct_estimate,,0.00091475620785950833
moderate,4,31,B2_TUNED,调参奇异值下限,1,128,0.00094219842819568452,direct_estimate,,0.00088533023762278856
moderate,4,31,C4_FWD,前向误差尺度,,128,0.0005647412992060754,direct_estimate,,0.00056606791936755459
moderate,4,31,B3_PSC,导频重构尺度,1,128,,pre_calibration_inherited,0.00094219842819568452,0.00056947657819803163
moderate,4,31,O1,理想 CSI 参考,,128,0,direct_estimate,,2.1242726578838015e-32
moderate,4,33,B0,普通 LS,,128,0.00057621661690785667,direct_estimate,,0.0005768109261344497
moderate,4,33,B2_TUNED,调参奇异值下限,1,128,0.00059171063887852404,direct_estimate,,0.00056299028370094075
moderate,4,33,C4_FWD,前向误差尺度,,128,0.00035607163666475717,direct_estimate,,0.00035678048164907529
moderate,4,33,B3_PSC,导频重构尺度,1,128,,pre_calibration_inherited,0.00059171063887852404,0.000358402893175202
moderate,4,33,O1,理想 CSI 参考,,128,0,direct_estimate,,2.1242726578838015e-32
moderate,4,35,B0,普通 LS,,128,0.00036356810644954177,direct_estimate,,0.00036379905440190013
moderate,4,35,B2_TUNED,调参奇异值下限,1,128,0.0003719511944067062,direct_estimate,,0.00035746678300980264
moderate,4,35,C4_FWD,前向误差尺度,,128,0.00022453890278707926,direct_estimate,,0.00022491140198267808
moderate,4,35,B3_PSC,导频重构尺度,1,128,,pre_calibration_inherited,0.0003719511944067062,0.00022568919617376118
moderate,4,35,O1,理想 CSI 参考,,128,0,direct_estimate,,2.1242726578838015e-32
moderate,4,37,B0,普通 LS,,128,0.00022939596698309507,direct_estimate,,0.00022948461617654329
moderate,4,37,B2_TUNED,调参奇异值下限,1,128,0.00023398663153844772,direct_estimate,,0.0002266903388994668
moderate,4,37,C4_FWD,前向误差尺度,,128,0.00014161129390260685,direct_estimate,,0.00014180475798027971
moderate,4,37,B3_PSC,导频重构尺度,1,128,,pre_calibration_inherited,0.00023398663153844772,0.00014218017319583945
moderate,4,37,O1,理想 CSI 参考,,128,0,direct_estimate,,2.1242726578838015e-32
moderate,4,39,B0,普通 LS,,128,0.00014473907016211986,direct_estimate,,0.00014477255704121978
moderate,4,39,B2_TUNED,调参奇异值下限,1,128,0.00014728518844254112,direct_estimate,,0.00014361336402999564
moderate,4,39,C4_FWD,前向误差尺度,,128,8.9319250923131031e-05,direct_estimate,,8.9418879260441111e-05
moderate,4,39,B3_PSC,导频重构尺度,1,128,,pre_calibration_inherited,0.00014728518844254112,8.9601195084152118e-05
moderate,4,39,O1,理想 CSI 参考,,128,0,direct_estimate,,2.1242726578838015e-32
moderate,4,41,B0,普通 LS,,128,9.1324179352023516e-05,direct_estimate,,9.133655488124415e-05
moderate,4,41,B2_TUNED,调参奇异值下限,1,128,9.2754977250416535e-05,direct_estimate,,9.0908620892607637e-05
moderate,4,41,C4_FWD,前向误差尺度,,128,5.6340978809293531e-05,direct_estimate,,5.6391963234106615e-05
moderate,4,41,B3_PSC,导频重构尺度,1,128,,pre_calibration_inherited,9.2754977250416535e-05,5.6480982206422574e-05
moderate,4,41,O1,理想 CSI 参考,,128,0,direct_estimate,,2.1242726578838015e-32
