cell,seed,gate_policy,gate_active,mean_abs2,spread,a_x,a_y,offline_4category,offline_binary_label,baseline_pi_ser,oracle_pi_ser,oracle_gap,baseline_diverged,baseline_metric_finite,oracle_metric_finite,label_caller,label_window
16qam-snr05-nominal-short,261,scale,True,0.454204422120237,0.5193457946173076,1.570037050672609,1.6260399379379646,awgn_dominated_error,,0.8203125,0.84765625,-0.02734375,False,True,True,run_g1_confirm._offline_label_pair (== run_factory._offline_label:558),z[133:261] prefix / z[261:389] suffix
16qam-snr05-nominal-short,262,scale,True,0.5612377572054554,0.49340263848003124,1.3967929328136672,1.4730824458730827,awgn_dominated_error,,0.875,0.91015625,-0.03515625,False,True,True,run_g1_confirm._offline_label_pair (== run_factory._offline_label:558),z[133:261] prefix / z[261:389] suffix
16qam-snr05-nominal-short,263,identity,False,0.8077198369921745,0.4572080165037128,1.1500968227607973,1.2069213889189971,awgn_dominated_error,,0.734375,0.79296875,-0.05859375,False,True,True,run_g1_confirm._offline_label_pair (== run_factory._offline_label:558),z[133:261] prefix / z[261:389] suffix
16qam-snr05-nominal-short,264,identity,False,0.8279750695796227,0.4386028166833496,1.1594766443239992,1.1642741622132078,awgn_dominated_error,,0.6640625,0.6796875,-0.015625,False,True,True,run_g1_confirm._offline_label_pair (== run_factory._offline_label:558),z[133:261] prefix / z[261:389] suffix
16qam-snr05-nominal-short,265,identity,False,1.253101291686484,0.3911148610771172,0.9362012604125096,0.9189023567814448,awgn_dominated_error,,0.5234375,0.5625,-0.0390625,False,True,True,run_g1_confirm._offline_label_pair (== run_factory._offline_label:558),z[133:261] prefix / z[261:389] suffix
16qam-snr05-nominal-short,266,scale,True,0.5509537259767454,0.5129982772497733,1.4458075875884517,1.4604449491228713,awgn_dominated_error,,0.78125,0.8359375,-0.0546875,False,True,True,run_g1_confirm._offline_label_pair (== run_factory._offline_label:558),z[133:261] prefix / z[261:389] suffix
16qam-snr05-nominal-short,267,identity,False,0.668627044964097,0.48740917453720783,1.3212584423587788,1.2961720646698802,awgn_dominated_error,,0.73828125,0.76171875,-0.0234375,False,True,True,run_g1_confirm._offline_label_pair (== run_factory._offline_label:558),z[133:261] prefix / z[261:389] suffix
16qam-snr05-nominal-short,268,identity,False,1.2619613899434448,0.3819454579374239,0.9002244633766593,0.9488228450589042,awgn_dominated_error,,0.41796875,0.4453125,-0.02734375,False,True,True,run_g1_confirm._offline_label_pair (== run_factory._offline_label:558),z[133:261] prefix / z[261:389] suffix
16qam-snr05-nominal-short,269,identity,False,1.3061642125582433,0.41831123347056337,0.9030592979709017,0.9173141566503387,awgn_dominated_error,,0.42578125,0.5078125,-0.08203125,False,True,True,run_g1_confirm._offline_label_pair (== run_factory._offline_label:558),z[133:261] prefix / z[261:389] suffix
16qam-snr05-nominal-short,270,scale,True,0.4597570186760598,0.4824876059896591,1.5965369337492352,1.588057059563161,awgn_dominated_error,,0.859375,0.89453125,-0.03515625,False,True,True,run_g1_confirm._offline_label_pair (== run_factory._offline_label:558),z[133:261] prefix / z[261:389] suffix
16qam-snr05-nominal-short,271,identity,False,0.6616545478722349,0.4764143168617755,1.318947848121243,1.3158270943853487,awgn_dominated_error,,0.81640625,0.83203125,-0.015625,False,True,True,run_g1_confirm._offline_label_pair (== run_factory._offline_label:558),z[133:261] prefix / z[261:389] suffix
16qam-snr05-nominal-short,272,scale,True,0.4194700886231759,0.5431568396742965,1.7505081213589588,1.661000542383075,awgn_dominated_error,,0.84375,0.8984375,-0.0546875,False,True,True,run_g1_confirm._offline_label_pair (== run_factory._offline_label:558),z[133:261] prefix / z[261:389] suffix
16qam-snr05-nominal-short,273,identity,False,1.2214863848970847,0.4247650197808261,0.9715243397838814,0.9045371028840806,awgn_dominated_error,,0.43359375,0.51171875,-0.078125,False,True,True,run_g1_confirm._offline_label_pair (== run_factory._offline_label:558),z[133:261] prefix / z[261:389] suffix
16qam-snr05-nominal-short,274,scale,True,0.40641504873430767,0.5390060822279119,1.822777715813188,1.6776663592283598,awgn_dominated_error,,0.8671875,0.87890625,-0.01171875,False,True,True,run_g1_confirm._offline_label_pair (== run_factory._offline_label:558),z[133:261] prefix / z[261:389] suffix
16qam-snr05-nominal-short,275,identity,False,0.97361330724199,0.4342454448435987,1.0067510985304629,1.0986996430108809,awgn_dominated_error,,0.65234375,0.6484375,0.00390625,False,True,True,run_g1_confirm._offline_label_pair (== run_factory._offline_label:558),z[133:261] prefix / z[261:389] suffix
16qam-snr05-nominal-short,276,scale,True,0.4897703445723052,0.48344180819387933,1.52212055007721,1.5072731283127416,awgn_dominated_error,,0.86328125,0.8671875,-0.00390625,False,True,True,run_g1_confirm._offline_label_pair (== run_factory._offline_label:558),z[133:261] prefix / z[261:389] suffix
16qam-snr05-nominal-short,277,identity,False,1.0630474195774282,0.44491777836375307,1.0354196484759726,1.0000459963855928,awgn_dominated_error,,0.53125,0.59765625,-0.06640625,False,True,True,run_g1_confirm._offline_label_pair (== run_factory._offline_label:558),z[133:261] prefix / z[261:389] suffix
16qam-snr05-nominal-short,278,scale,True,0.4472722918165376,0.4951963535700189,1.5910694871500823,1.6712697167716632,awgn_dominated_error,,0.83984375,0.8828125,-0.04296875,False,True,True,run_g1_confirm._offline_label_pair (== run_factory._offline_label:558),z[133:261] prefix / z[261:389] suffix
16qam-snr05-nominal-short,279,identity,False,1.070501757414125,0.40490872664049915,0.9935468189695803,1.019545630464429,awgn_dominated_error,,0.6015625,0.640625,-0.0390625,False,True,True,run_g1_confirm._offline_label_pair (== run_factory._offline_label:558),z[133:261] prefix / z[261:389] suffix
16qam-snr05-nominal-short,280,identity,False,0.973792004124205,0.5099986024657442,1.0772913482468363,1.1133009605822572,awgn_dominated_error,,0.8984375,0.92578125,-0.02734375,False,True,True,run_g1_confirm._offline_label_pair (== run_factory._offline_label:558),z[133:261] prefix / z[261:389] suffix
16qam-snr10-nominal-short,261,scale,True,0.2702196818901616,0.4614325633650734,2.02792507000932,2.0275620427413785,ambiguous,,0.81640625,0.671875,0.14453125,False,True,True,run_g1_confirm._offline_label_pair (== run_factory._offline_label:558),z[133:261] prefix / z[261:389] suffix
16qam-snr10-nominal-short,262,scale,True,0.340887243574044,0.43724460414440136,1.7698232342574822,1.8285011653144152,ambiguous,,0.8046875,0.71484375,0.08984375,False,True,True,run_g1_confirm._offline_label_pair (== run_factory._offline_label:558),z[133:261] prefix / z[261:389] suffix
16qam-snr10-nominal-short,263,identity,False,0.6024083831585256,0.41692169398751877,1.30536157666691,1.3662447652520033,ambiguous,,0.578125,0.515625,0.0625,False,True,True,run_g1_confirm._offline_label_pair (== run_factory._offline_label:558),z[133:261] prefix / z[261:389] suffix
16qam-snr10-nominal-short,264,identity,False,0.6616615533817805,0.36971850118258115,1.2709488067235708,1.2723590567622416,ambiguous,,0.46875,0.41796875,0.05078125,False,True,True,run_g1_confirm._offline_label_pair (== run_factory._offline_label:558),z[133:261] prefix / z[261:389] suffix
16qam-snr10-nominal-short,265,identity,False,1.231235109077498,0.33941406794195306,0.9194764838622382,0.9168776449197571,awgn_dominated_error,,0.203125,0.22265625,-0.01953125,False,True,True,run_g1_confirm._offline_label_pair (== run_factory._offline_label:558),z[133:261] prefix / z[261:389] suffix
16qam-snr10-nominal-short,266,scale,True,0.29202796395153824,0.49222963667513114,1.936025138458412,2.02882494476965,ambiguous,,0.78125,0.68359375,0.09765625,False,True,True,run_g1_confirm._offline_label_pair (== run_factory._offline_label:558),z[133:261] prefix / z[261:389] suffix
16qam-snr10-nominal-short,267,scale,True,0.4951433649019175,0.44278211389822525,1.481864499739529,1.4794630874523647,ambiguous,,0.5703125,0.4921875,0.078125,False,True,True,run_g1_confirm._offline_label_pair (== run_factory._offline_label:558),z[133:261] prefix / z[261:389] suffix
16qam-snr10-nominal-short,268,identity,False,1.3817381870015446,0.35014604838588653,0.8637121763152126,0.8796187396867622,awgn_dominated_error,,0.12109375,0.14453125,-0.0234375,False,True,True,run_g1_confirm._offline_label_pair (== run_factory._offline_label:558),z[133:261] prefix / z[261:389] suffix
16qam-snr10-nominal-short,269,identity,False,1.4004174090596393,0.37575144829907176,0.8660161137924752,0.8588164312387048,awgn_dominated_error,,0.125,0.12890625,-0.00390625,False,True,True,run_g1_confirm._offline_label_pair (== run_factory._offline_label:558),z[133:261] prefix / z[261:389] suffix
16qam-snr10-nominal-short,270,scale,True,0.24006469834471872,0.44746057230004527,2.14799544540713,2.1682567220999087,ambiguous,,0.8671875,0.73828125,0.12890625,False,True,True,run_g1_confirm._offline_label_pair (== run_factory._offline_label:558),z[133:261] prefix / z[261:389] suffix
16qam-snr10-nominal-short,271,scale,True,0.45988241625462073,0.4023364086520221,1.5390918335751669,1.5490764034156617,ambiguous,,0.75390625,0.5859375,0.16796875,False,True,True,run_g1_confirm._offline_label_pair (== run_factory._offline_label:558),z[133:261] prefix / z[261:389] suffix
16qam-snr10-nominal-short,272,scale,True,0.1935013820054299,0.5078059042444034,2.551981468555553,2.4194153882427294,ambiguous,,0.84375,0.76171875,0.08203125,False,True,True,run_g1_confirm._offline_label_pair (== run_factory._offline_label:558),z[133:261] prefix / z[261:389] suffix
16qam-snr10-nominal-short,273,identity,False,1.33008355609599,0.389256202826073,0.9112409536100237,0.8610826667293565,awgn_dominated_error,,0.17578125,0.19140625,-0.015625,False,True,True,run_g1_confirm._offline_label_pair (== run_factory._offline_label:558),z[133:261] prefix / z[261:389] suffix
16qam-snr10-nominal-short,274,scale,True,0.1808849548097976,0.5267052808571722,2.6608364001359575,2.5357598252413016,ambiguous,,0.83984375,0.78515625,0.0546875,False,True,True,run_g1_confirm._offline_label_pair (== run_factory._offline_label:558),z[133:261] prefix / z[261:389] suffix
16qam-snr10-nominal-short,275,identity,False,0.7961406285521293,0.3864833922098512,1.122718330527692,1.1777648029535708,awgn_dominated_error,,0.40625,0.40625,0.0,False,True,True,run_g1_confirm._offline_label_pair (== run_factory._offline_label:558),z[133:261] prefix / z[261:389] suffix
16qam-snr10-nominal-short,276,scale,True,0.2717862265939914,0.44541398952659167,2.0256673469674658,1.9662228210002042,ambiguous,,0.84375,0.7265625,0.1171875,False,True,True,run_g1_confirm._offline_label_pair (== run_factory._offline_label:558),z[133:261] prefix / z[261:389] suffix
16qam-snr10-nominal-short,277,identity,False,0.9724379417362994,0.3958797471323216,1.0557467468940982,1.0196446193501179,awgn_dominated_error,,0.21484375,0.23046875,-0.015625,False,True,True,run_g1_confirm._offline_label_pair (== run_factory._offline_label:558),z[133:261] prefix / z[261:389] suffix
16qam-snr10-nominal-short,278,scale,True,0.23511865463567783,0.46508559515237835,2.1451560260734017,2.2528238175715467,ambiguous,,0.8359375,0.75,0.0859375,False,True,True,run_g1_confirm._offline_label_pair (== run_factory._offline_label:558),z[133:261] prefix / z[261:389] suffix
16qam-snr10-nominal-short,279,identity,False,0.9547273753543094,0.36049030209880156,1.0325808310763678,1.0592961156587548,ambiguous,,0.3046875,0.29296875,0.01171875,False,True,True,run_g1_confirm._offline_label_pair (== run_factory._offline_label:558),z[133:261] prefix / z[261:389] suffix
16qam-snr10-nominal-short,280,identity,False,1.0295313534259387,0.5055477677354847,1.0629214374691711,1.072446997620317,awgn_dominated_error,,0.859375,0.90625,-0.046875,False,True,True,run_g1_confirm._offline_label_pair (== run_factory._offline_label:558),z[133:261] prefix / z[261:389] suffix
16qam-snr15-nominal-short,261,scale,True,0.21098450304535957,0.3854628859281321,2.264189212565663,2.204875805531095,ambiguous,,0.796875,0.3515625,0.4453125,False,True,True,run_g1_confirm._offline_label_pair (== run_factory._offline_label:558),z[133:261] prefix / z[261:389] suffix
16qam-snr15-nominal-short,262,scale,True,0.27242458990226454,0.378198061332192,1.9545265470316342,1.9757225701260177,ambiguous,,0.77734375,0.3984375,0.37890625,False,True,True,run_g1_confirm._offline_label_pair (== run_factory._offline_label:558),z[133:261] prefix / z[261:389] suffix
16qam-snr15-nominal-short,263,scale,True,0.5277420190946446,0.37351358003690655,1.3706411212884355,1.4381660430957794,ambiguous,,0.40234375,0.13671875,0.265625,False,True,True,run_g1_confirm._offline_label_pair (== run_factory._offline_label:558),z[133:261] prefix / z[261:389] suffix
16qam-snr15-nominal-short,264,identity,False,0.6058491098437278,0.3295427366116978,1.3059470200231655,1.3024040927747018,ambiguous,,0.2734375,0.11328125,0.16015625,False,True,True,run_g1_confirm._offline_label_pair (== run_factory._offline_label:558),z[133:261] prefix / z[261:389] suffix
16qam-snr15-nominal-short,265,identity,False,1.2063045400697048,0.313280329914391,0.9178149474044306,0.9197831741752711,healthy,0,0.0078125,0.015625,-0.0078125,False,True,True,run_g1_confirm._offline_label_pair (== run_factory._offline_label:558),z[133:261] prefix / z[261:389] suffix
16qam-snr15-nominal-short,266,scale,True,0.2080470264085284,0.4247096845208348,2.241185097392876,2.3618464462096416,ambiguous,,0.8046875,0.390625,0.4140625,False,True,True,run_g1_confirm._offline_label_pair (== run_factory._offline_label:558),z[133:261] prefix / z[261:389] suffix
16qam-snr15-nominal-short,267,scale,True,0.439518159900566,0.38625768088695417,1.5426149295227278,1.547730102793793,ambiguous,,0.41015625,0.140625,0.26953125,False,True,True,run_g1_confirm._offline_label_pair (== run_factory._offline_label:558),z[133:261] prefix / z[261:389] suffix
16qam-snr15-nominal-short,268,identity,False,1.4188714073428643,0.34126609965993887,0.8499481182681927,0.8573251934069831,healthy,0,0.0234375,0.046875,-0.0234375,False,True,True,run_g1_confirm._offline_label_pair (== run_factory._offline_label:558),z[133:261] prefix / z[261:389] suffix
16qam-snr15-nominal-short,269,identity,False,1.4239401100768165,0.3574562394991914,0.8572834318062216,0.8419589923581623,healthy,0,0.01171875,0.015625,-0.00390625,False,True,True,run_g1_confirm._offline_label_pair (== run_factory._offline_label:558),z[133:261] prefix / z[261:389] suffix
16qam-snr15-nominal-short,270,scale,True,0.16784664288442852,0.402347845279921,2.491489742273405,2.540306506814757,ambiguous,,0.87109375,0.515625,0.35546875,False,True,True,run_g1_confirm._offline_label_pair (== run_factory._offline_label:558),z[133:261] prefix / z[261:389] suffix
16qam-snr15-nominal-short,271,scale,True,0.3895350777798534,0.35876475323021073,1.6346631219192167,1.6425876299302278,ambiguous,,0.6796875,0.23046875,0.44921875,False,True,True,run_g1_confirm._offline_label_pair (== run_factory._offline_label:558),z[133:261] prefix / z[261:389] suffix
16qam-snr15-nominal-short,272,scale,True,0.12481341827305698,0.44905809640646677,3.0476098175728517,2.948695717826058,ambiguous,,0.84765625,0.5625,0.28515625,False,True,True,run_g1_confirm._offline_label_pair (== run_factory._offline_label:558),z[133:261] prefix / z[261:389] suffix
16qam-snr15-nominal-short,273,identity,False,1.3702218414491787,0.3738814616013226,0.8885381699996509,0.8457013812488741,healthy,0,0.02734375,0.0234375,0.00390625,False,True,True,run_g1_confirm._offline_label_pair (== run_factory._offline_label:558),z[133:261] prefix / z[261:389] suffix
16qam-snr15-nominal-short,274,scale,True,0.10906878292664518,0.4677257463266073,3.2612587304536063,3.2368607589319978,ambiguous,,0.828125,0.59375,0.234375,False,True,True,run_g1_confirm._offline_label_pair (== run_factory._offline_label:558),z[133:261] prefix / z[261:389] suffix
16qam-snr15-nominal-short,275,identity,False,0.7254975283758751,0.3628840359165244,1.1843559346677266,1.2044304883336974,inner_ring_recoverable_collapse,1,0.125,0.08203125,0.04296875,False,True,True,run_g1_confirm._offline_label_pair (== run_factory._offline_label:558),z[133:261] prefix / z[261:389] suffix
16qam-snr15-nominal-short,276,scale,True,0.20161476646769216,0.40807523674126917,2.329820906282554,2.2189271756792532,ambiguous,,0.82421875,0.46484375,0.359375,False,True,True,run_g1_confirm._offline_label_pair (== run_factory._offline_label:558),z[133:261] prefix / z[261:389] suffix
16qam-snr15-nominal-short,277,identity,False,0.943034209679039,0.3697066051215627,1.0595361870536544,1.0234804811579337,healthy,0,0.0078125,0.00390625,0.00390625,False,True,True,run_g1_confirm._offline_label_pair (== run_factory._offline_label:558),z[133:261] prefix / z[261:389] suffix
16qam-snr15-nominal-short,278,scale,True,0.16975848687217904,0.4091742180323662,2.4650683126398354,2.572287248409862,ambiguous,,0.8203125,0.4765625,0.34375,False,True,True,run_g1_confirm._offline_label_pair (== run_factory._offline_label:558),z[133:261] prefix / z[261:389] suffix
16qam-snr15-nominal-short,279,identity,False,0.9098623375252675,0.3397316125208376,1.047469743545931,1.0742318087457474,healthy,0,0.015625,0.0078125,0.0078125,False,True,True,run_g1_confirm._offline_label_pair (== run_factory._offline_label:558),z[133:261] prefix / z[261:389] suffix
16qam-snr15-nominal-short,280,identity,False,1.0487235268928192,0.49953494799116266,1.057934806114624,1.0572214257232209,awgn_dominated_error,,0.83203125,0.8828125,-0.05078125,False,True,True,run_g1_confirm._offline_label_pair (== run_factory._offline_label:558),z[133:261] prefix / z[261:389] suffix
16qam-snr25-nominal-short,261,scale,True,0.18726315525810078,0.31944937389276273,2.3491822851097885,2.289008131167528,inner_ring_recoverable_collapse,1,0.7421875,0.00390625,0.73828125,False,True,True,run_g1_confirm._offline_label_pair (== run_factory._offline_label:558),z[133:261] prefix / z[261:389] suffix
16qam-snr25-nominal-short,262,scale,True,0.24761398207399654,0.32635395196874534,2.020351632420967,2.0240791015883617,inner_ring_recoverable_collapse,1,0.75,0.0,0.75,False,True,True,run_g1_confirm._offline_label_pair (== run_factory._offline_label:558),z[133:261] prefix / z[261:389] suffix
16qam-snr25-nominal-short,263,scale,True,0.49166307519902774,0.3435228177399313,1.3989795667491554,1.4787756655981954,inner_ring_recoverable_collapse,1,0.14453125,0.0,0.14453125,False,True,True,run_g1_confirm._offline_label_pair (== run_factory._offline_label:558),z[133:261] prefix / z[261:389] suffix
16qam-snr25-nominal-short,264,scale,True,0.5847888622815303,0.3040638689111744,1.304372212164972,1.307190894845891,healthy,0,0.03125,0.0,0.03125,False,True,True,run_g1_confirm._offline_label_pair (== run_factory._offline_label:558),z[133:261] prefix / z[261:389] suffix
16qam-snr25-nominal-short,265,identity,False,1.1885702511424174,0.3031427661716198,0.9146486046763043,0.9202672496697729,healthy,0,0.0,0.0,0.0,False,True,True,run_g1_confirm._offline_label_pair (== run_factory._offline_label:558),z[133:261] prefix / z[261:389] suffix
16qam-snr25-nominal-short,266,scale,True,0.17287219605808352,0.3525281705464053,2.412942159118681,2.4805355525490556,inner_ring_recoverable_collapse,1,0.765625,0.0,0.765625,False,True,True,run_g1_confirm._offline_label_pair (== run_factory._offline_label:558),z[133:261] prefix / z[261:389] suffix
16qam-snr25-nominal-short,267,scale,True,0.4211244953976806,0.34462061331518284,1.5498398834510791,1.5726455680970117,inner_ring_recoverable_collapse,1,0.3046875,0.0,0.3046875,False,True,True,run_g1_confirm._offline_label_pair (== run_factory._offline_label:558),z[133:261] prefix / z[261:389] suffix
16qam-snr25-nominal-short,268,identity,False,1.430513240710964,0.3407018684212922,0.8437483915761361,0.8476601343115585,healthy,0,0.00390625,0.01171875,-0.0078125,False,True,True,run_g1_confirm._offline_label_pair (== run_factory._offline_label:558),z[133:261] prefix / z[261:389] suffix
16qam-snr25-nominal-short,269,identity,False,1.4311877812932858,0.34834965432717885,0.855110524708354,0.8333942297665987,healthy,0,0.0,0.0,0.0,False,True,True,run_g1_confirm._offline_label_pair (== run_factory._offline_label:558),z[133:261] prefix / z[261:389] suffix
16qam-snr25-nominal-short,270,scale,True,0.1360248446606117,0.35125135261407087,2.707779097184106,2.7659487312580002,inner_ring_recoverable_collapse,1,0.76953125,0.0,0.76953125,False,True,True,run_g1_confirm._offline_label_pair (== run_factory._offline_label:558),z[133:261] prefix / z[261:389] suffix
16qam-snr25-nominal-short,271,scale,True,0.35887023667534707,0.3279983044422199,1.675796018282668,1.6691940160423193,inner_ring_recoverable_collapse,1,0.74609375,0.0,0.74609375,False,True,True,run_g1_confirm._offline_label_pair (== run_factory._offline_label:558),z[133:261] prefix / z[261:389] suffix
16qam-snr25-nominal-short,272,scale,True,0.09958209510040952,0.3640392176944517,3.208234694946451,3.2083873088820973,inner_ring_recoverable_collapse,1,0.76171875,0.01171875,0.75,False,True,True,run_g1_confirm._offline_label_pair (== run_factory._offline_label:558),z[133:261] prefix / z[261:389] suffix
16qam-snr25-nominal-short,273,identity,False,1.393944473709682,0.3648895244186248,0.8749784992098354,0.8367536740686397,healthy,0,0.0,0.0,0.0,False,True,True,run_g1_confirm._offline_label_pair (== run_factory._offline_label:558),z[133:261] prefix / z[261:389] suffix
16qam-snr25-nominal-short,274,scale,True,0.0792531122621612,0.36892252329241004,3.531889310246838,3.738952369626186,inner_ring_recoverable_collapse,1,0.76171875,0.0390625,0.72265625,False,True,True,run_g1_confirm._offline_label_pair (== run_factory._offline_label:558),z[133:261] prefix / z[261:389] suffix
16qam-snr25-nominal-short,275,identity,False,0.6893201232614474,0.3542696168996815,1.2197530404474584,1.2083783708871458,healthy,0,0.0,0.0,0.0,False,True,True,run_g1_confirm._offline_label_pair (== run_factory._offline_label:558),z[133:261] prefix / z[261:389] suffix
16qam-snr25-nominal-short,276,scale,True,0.17369459081921776,0.36590619986729134,2.492169439973275,2.345747151752658,inner_ring_recoverable_collapse,1,0.7734375,0.00390625,0.76953125,False,True,True,run_g1_confirm._offline_label_pair (== run_factory._offline_label:558),z[133:261] prefix / z[261:389] suffix
16qam-snr25-nominal-short,277,identity,False,0.938426629634624,0.34980172889041933,1.0546494705317409,1.0233016494950025,healthy,0,0.0,0.0,0.0,False,True,True,run_g1_confirm._offline_label_pair (== run_factory._offline_label:558),z[133:261] prefix / z[261:389] suffix
16qam-snr25-nominal-short,278,scale,True,0.14613194481811997,0.3434945647283097,2.603778889886764,2.691163358603463,inner_ring_recoverable_collapse,1,0.7421875,0.00390625,0.73828125,False,True,True,run_g1_confirm._offline_label_pair (== run_factory._offline_label:558),z[133:261] prefix / z[261:389] suffix
16qam-snr25-nominal-short,279,identity,False,0.8917079346576449,0.3242592169178243,1.051579757034365,1.0768841784838739,healthy,0,0.0,0.0,0.0,False,True,True,run_g1_confirm._offline_label_pair (== run_factory._offline_label:558),z[133:261] prefix / z[261:389] suffix
16qam-snr25-nominal-short,280,identity,False,1.0622943312705853,0.4946446577670752,1.0485821763512675,1.0496313382656113,awgn_dominated_error,,0.80859375,0.8671875,-0.05859375,False,True,True,run_g1_confirm._offline_label_pair (== run_factory._offline_label:558),z[133:261] prefix / z[261:389] suffix
16qam-snr20-fg100-short,261,scale,True,0.19236584827639333,0.3388389113108067,2.3400802234773783,2.2701053026810043,inner_ring_recoverable_collapse,1,0.7578125,0.06640625,0.69140625,False,True,True,run_g1_confirm._offline_label_pair (== run_factory._offline_label:558),z[133:261] prefix / z[261:389] suffix
16qam-snr20-fg100-short,262,scale,True,0.25478810873064484,0.33878415643540044,2.0022371799099163,2.0103491993844527,inner_ring_recoverable_collapse,1,0.7578125,0.06640625,0.69140625,False,True,True,run_g1_confirm._offline_label_pair (== run_factory._offline_label:558),z[133:261] prefix / z[261:389] suffix
16qam-snr20-fg100-short,263,scale,True,0.50410312919975,0.3518989790433697,1.388889336523907,1.4637051487484223,inner_ring_recoverable_collapse,1,0.26953125,0.0,0.26953125,False,True,True,run_g1_confirm._offline_label_pair (== run_factory._offline_label:558),z[133:261] prefix / z[261:389] suffix
16qam-snr20-fg100-short,264,scale,True,0.593239106312301,0.3113692654823856,1.304129339283268,1.303923123920884,inner_ring_recoverable_collapse,1,0.14453125,0.0078125,0.13671875,False,True,True,run_g1_confirm._offline_label_pair (== run_factory._offline_label:558),z[133:261] prefix / z[261:389] suffix
16qam-snr20-fg100-short,265,identity,False,1.190152491625385,0.30512731697777173,0.9176248399036795,0.9221182368712911,healthy,0,0.0,0.0,0.0,False,True,True,run_g1_confirm._offline_label_pair (== run_factory._offline_label:558),z[133:261] prefix / z[261:389] suffix
16qam-snr20-fg100-short,266,scale,True,0.18350103317571415,0.3736820801559474,2.354563324322207,2.447784738493987,inner_ring_recoverable_collapse,1,0.7734375,0.08984375,0.68359375,False,True,True,run_g1_confirm._offline_label_pair (== run_factory._offline_label:558),z[133:261] prefix / z[261:389] suffix
16qam-snr20-fg100-short,267,scale,True,0.4233333630004552,0.356169647636893,1.5554219200288701,1.5702910637752232,inner_ring_recoverable_collapse,1,0.3515625,0.0078125,0.34375,False,True,True,run_g1_confirm._offline_label_pair (== run_factory._offline_label:558),z[133:261] prefix / z[261:389] suffix
16qam-snr20-fg100-short,268,identity,False,1.427662677441393,0.340198898578798,0.8456750704314031,0.8503100508245893,healthy,0,0.00390625,0.01171875,-0.0078125,False,True,True,run_g1_confirm._offline_label_pair (== run_factory._offline_label:558),z[133:261] prefix / z[261:389] suffix
16qam-snr20-fg100-short,269,identity,False,1.4312466289203827,0.35078968151582024,0.8553861513650639,0.8355445470969391,healthy,0,0.0,0.0,0.0,False,True,True,run_g1_confirm._offline_label_pair (== run_factory._offline_label:558),z[133:261] prefix / z[261:389] suffix
16qam-snr20-fg100-short,270,scale,True,0.14493516576000476,0.37429427834630025,2.6392988749860447,2.690340185090867,ambiguous,,0.80078125,0.1640625,0.63671875,False,True,True,run_g1_confirm._offline_label_pair (== run_factory._offline_label:558),z[133:261] prefix / z[261:389] suffix
16qam-snr20-fg100-short,271,scale,True,0.36438298322915974,0.33806416734218486,1.671740964389566,1.671934163549647,inner_ring_recoverable_collapse,1,0.73046875,0.01953125,0.7109375,False,True,True,run_g1_confirm._offline_label_pair (== run_factory._offline_label:558),z[133:261] prefix / z[261:389] suffix
16qam-snr20-fg100-short,272,scale,True,0.1053301244949931,0.39898050139787683,3.1848045750669574,3.1430755325466104,ambiguous,,0.7890625,0.203125,0.5859375,False,True,True,run_g1_confirm._offline_label_pair (== run_factory._offline_label:558),z[133:261] prefix / z[261:389] suffix
16qam-snr20-fg100-short,273,identity,False,1.3885798284427828,0.3673909680661763,0.8783726894785832,0.839045214702126,healthy,0,0.0,0.00390625,-0.00390625,False,True,True,run_g1_confirm._offline_label_pair (== run_factory._offline_label:558),z[133:261] prefix / z[261:389] suffix
16qam-snr20-fg100-short,274,scale,True,0.08724255786830155,0.4041471626787154,3.4598122690335593,3.5909050544710275,ambiguous,,0.79296875,0.265625,0.52734375,False,True,True,run_g1_confirm._offline_label_pair (== run_factory._offline_label:558),z[133:261] prefix / z[261:389] suffix
16qam-snr20-fg100-short,275,identity,False,0.7042983840685508,0.3554632177195236,1.2055170617883582,1.2050206216954513,healthy,0,0.00390625,0.0,0.00390625,False,True,True,run_g1_confirm._offline_label_pair (== run_factory._offline_label:558),z[133:261] prefix / z[261:389] suffix
16qam-snr20-fg100-short,276,scale,True,0.17922499127951,0.3798451070597128,2.4618041213047133,2.3185011566924696,inner_ring_recoverable_collapse,1,0.78515625,0.08203125,0.703125,False,True,True,run_g1_confirm._offline_label_pair (== run_factory._offline_label:558),z[133:261] prefix / z[261:389] suffix
16qam-snr20-fg100-short,277,identity,False,0.9423761783315718,0.3549832698665205,1.0551244812406628,1.0219829942799445,healthy,0,0.0,0.0,0.0,False,True,True,run_g1_confirm._offline_label_pair (== run_factory._offline_label:558),z[133:261] prefix / z[261:389] suffix
16qam-snr20-fg100-short,278,scale,True,0.1503994251651432,0.36780311531748516,2.580110829751416,2.6809021323324833,ambiguous,,0.77734375,0.171875,0.60546875,False,True,True,run_g1_confirm._offline_label_pair (== run_factory._offline_label:558),z[133:261] prefix / z[261:389] suffix
16qam-snr20-fg100-short,279,identity,False,0.8891777229569224,0.3287522624906935,1.0553702427034677,1.0815131300769756,healthy,0,0.0,0.0,0.0,False,True,True,run_g1_confirm._offline_label_pair (== run_factory._offline_label:558),z[133:261] prefix / z[261:389] suffix
16qam-snr20-fg100-short,280,identity,False,1.059598047457318,0.49580651668595993,1.0515788056351447,1.050785006326349,awgn_dominated_error,,0.82421875,0.87890625,-0.0546875,False,True,True,run_g1_confirm._offline_label_pair (== run_factory._offline_label:558),z[133:261] prefix / z[261:389] suffix
16qam-snr10-fg100-long,261,scale,True,0.49478898982384206,0.46030624196103626,1.505155736295792,1.4732464892011794,ambiguous,,0.66796875,0.66015625,0.0078125,False,True,True,run_g1_confirm._offline_label_pair (== run_factory._offline_label:558),z[2181:2309] prefix / z[2309:2437] suffix
16qam-snr10-fg100-long,262,identity,False,0.9440076037788321,0.4310923079703445,1.038317046653506,1.1087268046792207,awgn_dominated_error,,0.21875,0.265625,-0.046875,False,True,True,run_g1_confirm._offline_label_pair (== run_factory._offline_label:558),z[2181:2309] prefix / z[2309:2437] suffix
16qam-snr10-fg100-long,263,scale,True,0.30274408623858334,0.5229199640548294,1.9218837839155911,2.026111487251833,ambiguous,,0.8046875,0.7265625,0.078125,False,True,True,run_g1_confirm._offline_label_pair (== run_factory._offline_label:558),z[2181:2309] prefix / z[2309:2437] suffix
16qam-snr10-fg100-long,264,scale,True,0.35149911020655356,0.45874716687932926,1.8411666487042626,1.743169332843097,ambiguous,,0.8046875,0.74609375,0.05859375,False,True,True,run_g1_confirm._offline_label_pair (== run_factory._offline_label:558),z[2181:2309] prefix / z[2309:2437] suffix
16qam-snr10-fg100-long,265,identity,False,0.6781055192251759,0.457101567577146,1.2998629141101823,1.2599213924913204,ambiguous,,0.59375,0.57421875,0.01953125,False,True,True,run_g1_confirm._offline_label_pair (== run_factory._offline_label:558),z[2181:2309] prefix / z[2309:2437] suffix
16qam-snr10-fg100-long,266,scale,True,0.4981765717580657,0.4702436639773239,1.5549658929828312,1.432665955447424,ambiguous,,0.734375,0.66796875,0.06640625,False,True,True,run_g1_confirm._offline_label_pair (== run_factory._offline_label:558),z[2181:2309] prefix / z[2309:2437] suffix
16qam-snr10-fg100-long,267,identity,False,0.758860477354603,0.38446685061203845,1.162203596435287,1.218700116894301,awgn_dominated_error,,0.48828125,0.484375,0.00390625,False,True,True,run_g1_confirm._offline_label_pair (== run_factory._offline_label:558),z[2181:2309] prefix / z[2309:2437] suffix
16qam-snr10-fg100-long,268,identity,False,0.988313895798316,0.38696532750484536,1.0676117917372598,1.0011420859642919,awgn_dominated_error,,0.23828125,0.234375,0.00390625,False,True,True,run_g1_confirm._offline_label_pair (== run_factory._offline_label:558),z[2181:2309] prefix / z[2309:2437] suffix
16qam-snr10-fg100-long,269,scale,True,0.4333076137146131,0.5027813957654047,1.7599494889806033,1.5302205802845028,ambiguous,,0.765625,0.71875,0.046875,False,True,True,run_g1_confirm._offline_label_pair (== run_factory._offline_label:558),z[2181:2309] prefix / z[2309:2437] suffix
16qam-snr10-fg100-long,270,identity,False,0.9799157725649377,0.36418506127294287,1.020700200383709,1.0395178100464721,awgn_dominated_error,,0.13671875,0.16796875,-0.03125,False,True,True,run_g1_confirm._offline_label_pair (== run_factory._offline_label:558),z[2181:2309] prefix / z[2309:2437] suffix
16qam-snr10-fg100-long,271,scale,True,0.5535831964622815,0.44173389479993175,1.4081483785759734,1.454298806938581,ambiguous,,0.63671875,0.609375,0.02734375,False,True,True,run_g1_confirm._offline_label_pair (== run_factory._offline_label:558),z[2181:2309] prefix / z[2309:2437] suffix
16qam-snr10-fg100-long,272,identity,False,0.7224122703443223,0.4084028438775847,1.1901068359286595,1.2401111856971072,ambiguous,,0.546875,0.53515625,0.01171875,False,True,True,run_g1_confirm._offline_label_pair (== run_factory._offline_label:558),z[2181:2309] prefix / z[2309:2437] suffix
16qam-snr10-fg100-long,273,identity,False,0.8783681859447938,0.3840525147865585,1.1001629013813854,1.087312726132611,awgn_dominated_error,,0.30078125,0.296875,0.00390625,False,True,True,run_g1_confirm._offline_label_pair (== run_factory._offline_label:558),z[2181:2309] prefix / z[2309:2437] suffix
16qam-snr10-fg100-long,274,scale,True,0.48145233864462633,0.44518149526544787,1.5678300943300616,1.4864945364678461,ambiguous,,0.70703125,0.640625,0.06640625,False,True,True,run_g1_confirm._offline_label_pair (== run_factory._offline_label:558),z[2181:2309] prefix / z[2309:2437] suffix
16qam-snr10-fg100-long,275,scale,True,0.28448846881005263,0.5311948420115852,2.000326848768278,2.082147318182901,ambiguous,,0.8203125,0.78515625,0.03515625,False,True,True,run_g1_confirm._offline_label_pair (== run_factory._offline_label:558),z[2181:2309] prefix / z[2309:2437] suffix
16qam-snr10-fg100-long,276,scale,True,0.35430400993340194,0.4780414263361255,1.8312422666602746,1.7953719292024044,ambiguous,,0.8125,0.7734375,0.0390625,False,True,True,run_g1_confirm._offline_label_pair (== run_factory._offline_label:558),z[2181:2309] prefix / z[2309:2437] suffix
16qam-snr10-fg100-long,277,identity,False,0.9204039801295664,0.38976392264185633,1.0619506766397069,1.0825143523552208,awgn_dominated_error,,0.14453125,0.1484375,-0.00390625,False,True,True,run_g1_confirm._offline_label_pair (== run_factory._offline_label:558),z[2181:2309] prefix / z[2309:2437] suffix
16qam-snr10-fg100-long,278,identity,False,0.8558463191423897,0.40546754481163827,1.1453789602069828,1.080380596177496,awgn_dominated_error,,0.32421875,0.3515625,-0.02734375,False,True,True,run_g1_confirm._offline_label_pair (== run_factory._offline_label:558),z[2181:2309] prefix / z[2309:2437] suffix
16qam-snr10-fg100-long,279,identity,False,0.9628356837232026,0.3829065830313197,1.0647920473264765,0.9982692482578018,healthy,0,0.0625,0.08984375,-0.02734375,False,True,True,run_g1_confirm._offline_label_pair (== run_factory._offline_label:558),z[2181:2309] prefix / z[2309:2437] suffix
16qam-snr10-fg100-long,280,scale,True,0.17853817984347198,0.5188351196509208,2.4751192137317233,2.7655229078544448,awgn_dominated_error,,0.90625,0.91015625,-0.00390625,False,True,True,run_g1_confirm._offline_label_pair (== run_factory._offline_label:558),z[2181:2309] prefix / z[2309:2437] suffix
16qam-snr15-fg1000-long,261,scale,True,0.40300435215242536,0.4191045444503238,1.6342056489756471,1.598172526025043,ambiguous,,0.58203125,0.34375,0.23828125,False,True,True,run_g1_confirm._offline_label_pair (== run_factory._offline_label:558),z[2181:2309] prefix / z[2309:2437] suffix
16qam-snr15-fg1000-long,262,identity,False,1.005449970171536,0.39520956330398893,1.001658977592583,1.038353686866056,healthy,0,0.0234375,0.0234375,0.0,False,True,True,run_g1_confirm._offline_label_pair (== run_factory._offline_label:558),z[2181:2309] prefix / z[2309:2437] suffix
16qam-snr15-fg1000-long,263,scale,True,0.1750152432669872,0.4464235081458882,2.5098388636809172,2.5565298225087036,ambiguous,,0.80859375,0.57421875,0.234375,False,True,True,run_g1_confirm._offline_label_pair (== run_factory._offline_label:558),z[2181:2309] prefix / z[2309:2437] suffix
16qam-snr15-fg1000-long,264,scale,True,0.2232044899210715,0.3848534988706395,2.218749195425535,2.1564300846519586,ambiguous,,0.79296875,0.57421875,0.21875,False,True,True,run_g1_confirm._offline_label_pair (== run_factory._offline_label:558),z[2181:2309] prefix / z[2309:2437] suffix
16qam-snr15-fg1000-long,265,scale,True,0.537453794524344,0.40437056528960424,1.4226651060552207,1.392653970884572,ambiguous,,0.44140625,0.27734375,0.1640625,False,True,True,run_g1_confirm._offline_label_pair (== run_factory._offline_label:558),z[2181:2309] prefix / z[2309:2437] suffix
16qam-snr15-fg1000-long,266,scale,True,0.35679172217809363,0.41315715589447183,1.7944208088577447,1.6737937344558291,ambiguous,,0.6875,0.359375,0.328125,False,True,True,run_g1_confirm._offline_label_pair (== run_factory._offline_label:558),z[2181:2309] prefix / z[2309:2437] suffix
16qam-snr15-fg1000-long,267,identity,False,0.6613807751435113,0.3466715793388143,1.2250826145405243,1.2746658776988795,ambiguous,,0.31640625,0.19921875,0.1171875,False,True,True,run_g1_confirm._offline_label_pair (== run_factory._offline_label:558),z[2181:2309] prefix / z[2309:2437] suffix
16qam-snr15-fg1000-long,268,identity,False,1.0782007835292344,0.35262557367859826,0.9921422925439574,0.9590860473048225,healthy,0,0.01171875,0.01171875,0.0,False,True,True,run_g1_confirm._offline_label_pair (== run_factory._offline_label:558),z[2181:2309] prefix / z[2309:2437] suffix
16qam-snr15-fg1000-long,269,scale,True,0.2843996832430119,0.43887371724293944,2.0817698625979353,1.869677512316941,ambiguous,,0.75,0.48046875,0.26953125,False,True,True,run_g1_confirm._offline_label_pair (== run_factory._offline_label:558),z[2181:2309] prefix / z[2309:2437] suffix
16qam-snr15-fg1000-long,270,identity,False,1.0150957812455053,0.3460583706331618,0.9979000136888571,1.0072329376959614,healthy,0,0.0078125,0.015625,-0.0078125,False,True,True,run_g1_confirm._offline_label_pair (== run_factory._offline_label:558),z[2181:2309] prefix / z[2309:2437] suffix
16qam-snr15-fg1000-long,271,scale,True,0.4446811410171743,0.3825495206913334,1.5253253797500552,1.5876250999280943,ambiguous,,0.5390625,0.3203125,0.21875,False,True,True,run_g1_confirm._offline_label_pair (== run_factory._offline_label:558),z[2181:2309] prefix / z[2309:2437] suffix
16qam-snr15-fg1000-long,272,identity,False,0.6541256776889627,0.374255355969782,1.2530057614475252,1.2622707318147581,ambiguous,,0.28125,0.1796875,0.1015625,False,True,True,run_g1_confirm._offline_label_pair (== run_factory._offline_label:558),z[2181:2309] prefix / z[2309:2437] suffix
16qam-snr15-fg1000-long,273,identity,False,0.9095808159636847,0.34219395546960557,1.0666430245630518,1.0548658517791816,healthy,0,0.0703125,0.0703125,0.0,False,True,True,run_g1_confirm._offline_label_pair (== run_factory._offline_label:558),z[2181:2309] prefix / z[2309:2437] suffix
16qam-snr15-fg1000-long,274,scale,True,0.41965718616763376,0.387353814327506,1.643125747750381,1.547819202285059,ambiguous,,0.609375,0.32421875,0.28515625,False,True,True,run_g1_confirm._offline_label_pair (== run_factory._offline_label:558),z[2181:2309] prefix / z[2309:2437] suffix
16qam-snr15-fg1000-long,275,scale,True,0.1778931190822948,0.4451256805519381,2.4850466733054994,2.555530715861398,ambiguous,,0.82421875,0.50390625,0.3203125,False,True,True,run_g1_confirm._offline_label_pair (== run_factory._offline_label:558),z[2181:2309] prefix / z[2309:2437] suffix
16qam-snr15-fg1000-long,276,scale,True,0.22088569760721755,0.4271956533815614,2.2462574643910456,2.22830772429706,ambiguous,,0.81640625,0.546875,0.26953125,False,True,True,run_g1_confirm._offline_label_pair (== run_factory._offline_label:558),z[2181:2309] prefix / z[2309:2437] suffix
16qam-snr15-fg1000-long,277,identity,False,0.9744984322954351,0.35941056470121224,1.0217811474552072,1.0393343096466972,healthy,0,0.00390625,0.00390625,0.0,False,True,True,run_g1_confirm._offline_label_pair (== run_factory._offline_label:558),z[2181:2309] prefix / z[2309:2437] suffix
16qam-snr15-fg1000-long,278,identity,False,0.8552501069042109,0.3676882660892341,1.1311335210745357,1.0747009295648111,healthy,0,0.05859375,0.046875,0.01171875,False,True,True,run_g1_confirm._offline_label_pair (== run_factory._offline_label:558),z[2181:2309] prefix / z[2309:2437] suffix
16qam-snr15-fg1000-long,279,identity,False,0.9674206114170907,0.3672678954725162,1.0529026809647553,0.9963367639288485,healthy,0,0.0,0.0,0.0,False,True,True,run_g1_confirm._offline_label_pair (== run_factory._offline_label:558),z[2181:2309] prefix / z[2309:2437] suffix
16qam-snr15-fg1000-long,280,scale,True,0.06704109210877268,0.5003968174683032,3.98075654937241,4.456478094886101,ambiguous,,0.89453125,0.84765625,0.046875,False,True,True,run_g1_confirm._offline_label_pair (== run_factory._offline_label:558),z[2181:2309] prefix / z[2309:2437] suffix
